well_plate,Compartments
A01_55185977,Nucleus
A01_55195978,Cell
A01_55215982,nucleus
A01_55225983,Nucleus
A01_55235979,nucleus
A01_55245981,nucleus
A01_55365987,Cytosol
A01_55375988,Cell
A01_55395990,Cell
A01_55405991,Cell
A02_55185977,Nucleus
A02_55205980,Cell
A02_55225983,Nucleus
A02_55235979,Cell
A02_55245981,nucleus
A02_55335984,Cell
A02_55345985,Cell
A02_55355986,nucleus
A02_55365987,Nucleus
A02_55375988,Nucleus
A02_55385989,nucleus
A02_55405991,Nucleus
A02_75846286,Cell
A03_55185977,Cell
A03_55195978,Cell
A03_55205980,Cell
A03_55235979,Cytosol
A03_55345985,Nucleus
A03_55355986,Cell
A03_55365987,nucleus
A03_55375988,Nucleus
A03_55395990,Cell
A03_75846286,nucleus
A04_55185977,Cell
A04_55195978,Cell
A04_55205980,Nucleus
A04_55215982,Cell
A04_55225983,Cell
A04_55235979,Cytosol
A04_55245981,Nucleus
A04_55335984,Cell
A04_55345985,Nucleus
A04_55355986,nucleus
A04_55375988,Nucleus
A04_55395990,nucleus
A04_55405991,Cell
A04_75836284,Cell
A05_55185977,Cell
A05_55195978,Cytosol
A05_55205980,Nucleus
A05_55215982,Nucleus
A05_55225983,Cell
A05_55235979,Nucleus
A05_55335984,Cell
A05_55345985,Nucleus
A05_55355986,Nucleus
A05_55365987,Cell
A05_55375988,nucleus
A05_55385989,cytosol
A05_55395990,nucleus
A05_55405991,Cell
A06_55195978,Cell
A06_55205980,Cell
A06_55215982,Cell
A06_55225983,Nucleus
A06_55235979,Nucleus
A06_55245981,Cell
A06_55335984,Cytosol
A06_55345985,Nucleus
A06_55355986,Nucleus
A06_55375988,Nucleus
A06_55395990,Nucleus
A06_55405991,Cell
A06_75846286,Cell
A07_55195978,Nucleus
A07_55205980,Cell
A07_55215982,nucleus
A07_55225983,Cell
A07_55235979,Cytosol
A07_55245981,Cell
A07_55345985,Cell
A07_55355986,Cytosol
A07_55365987,nucleus
A07_55375988,Nucleus
A07_55385989,Nucleus
A07_55395990,Nucleus
A07_55405991,nucleus
A07_75836284,Cell
A07_75846286,Cytosol
A08_55185977,Cell
A08_55195978,Cell
A08_55205980,nucleus
A08_55215982,Cell
A08_55225983,Cell
A08_55235979,Nucleus
A08_55245981,Cell
A08_55335984,Nucleus
A08_55345985,Cell
A08_55355986,Nucleus
A08_55375988,Cell
A08_55385989,Nucleus
A08_55395990,Cell
A08_55405991,nucleus
A09_55185977,Nucleus
A09_55195978,Cell
A09_55205980,Cytosol
A09_55215982,nucleus
A09_55235979,Nucleus
A09_55335984,Nucleus
A09_55345985,Nucleus
A09_55365987,nucleus
A09_55385989,nucleus
A09_55395990,Cell
A09_55405991,Cell
A09_75836284,cytosol
A10_55195978,Nucleus
A10_55205980,Cell
A10_55215982,Cell
A10_55235979,Cell
A10_55335984,nucleus
A10_55355986,Nucleus
A10_55375988,Nucleus
A10_55385989,cytosol
A10_55395990,nucleus
A10_55405991,Cell
A10_75836284,Cell
A11_55185977,Cytosol
A11_55195978,Cell
A11_55205980,Cell
A11_55215982,Nucleus
A11_55245981,Cell
A11_55335984,Nucleus
A11_55345985,Cell
A11_55355986,Cytosol
A11_55365987,Cell
A11_55395990,nucleus
A11_55405991,Cell
A11_75836284,Nucleus
A12_55185977,Cell
A12_55195978,nucleus
A12_55205980,Cytosol
A12_55215982,Nucleus
A12_55225983,Nucleus
A12_55235979,cytosol
A12_55335984,Cell
A12_55345985,Nucleus
A12_55365987,Cell
A12_55395990,nucleus
A12_55405991,Cell
B01_55185977,nucleus
B01_55195978,cytosol
B01_55205980,Cell
B01_55215982,Nucleus
B01_55225983,Nucleus
B01_55235979,nucleus
B01_55335984,Nucleus
B01_55355986,nucleus
B01_55365987,nucleus
B01_55375988,Cell
B01_55405991,Cytosol
B02_55195978,Cell
B02_55215982,nucleus
B02_55225983,nucleus
B02_55235979,nucleus
B02_55245981,nucleus
B02_55335984,nucleus
B02_55345985,Cell
B02_55355986,Cell
B02_55365987,Cell
B02_55375988,Nucleus
B02_55385989,Cell
B02_55395990,Nucleus
B02_55405991,Nucleus
B02_75836284,Nucleus
B02_75846286,nucleus
B03_55185977,Cytosol
B03_55195978,Nucleus
B03_55215982,Cytosol
B03_55225983,Nucleus
B03_55235979,Cytosol
B03_55245981,Cell
B03_55335984,Cytosol
B03_55345985,nucleus
B03_55355986,Cell
B03_55365987,nucleus
B03_55375988,nucleus
B03_55395990,nucleus
B03_55405991,Cell
B03_75836284,Cell
B04_55185977,Cell
B04_55205980,nucleus
B04_55215982,Cell
B04_55225983,Cell
B04_55335984,Cell
B04_55365987,nucleus
B04_55375988,Nucleus
B04_55385989,Nucleus
B04_55395990,Cell
B04_55405991,Cell
B04_75836284,Cell
B05_55185977,Cell
B05_55195978,Nucleus
B05_55205980,Nucleus
B05_55215982,nucleus
B05_55225983,nucleus
B05_55235979,Cell
B05_55345985,Cell
B05_55355986,Cell
B05_55365987,Cell
B05_55375988,nucleus
B05_55385989,Cytosol
B05_55395990,nucleus
B05_55405991,nucleus
B06_55185977,Nucleus
B06_55195978,Nucleus
B06_55205980,nucleus
B06_55215982,Nucleus
B06_55225983,nucleus
B06_55235979,Cell
B06_55345985,nucleus
B06_55355986,Nucleus
B06_55365987,Nucleus
B06_55375988,cytosol
B06_55385989,Cell
B06_55395990,nucleus
B06_55405991,nucleus
B06_75836284,Cell
B06_75846286,cytosol
B07_55185977,Nucleus
B07_55195978,Nucleus
B07_55205980,nucleus
B07_55215982,Nucleus
B07_55225983,Cell
B07_55235979,Cytosol
B07_55245981,Nucleus
B07_55335984,Cell
B07_55345985,Cell
B07_55355986,Cell
B07_55365987,cytosol
B07_55385989,Cell
B07_55395990,Cell
B07_55405991,nucleus
B07_75846286,Cell
B08_55185977,Cell
B08_55195978,Cell
B08_55205980,Nucleus
B08_55215982,Cell
B08_55225983,Cell
B08_55335984,Nucleus
B08_55345985,Cell
B08_55355986,Cell
B08_55385989,Nucleus
B08_55395990,nucleus
B08_55405991,Nucleus
B09_55185977,Cell
B09_55195978,nucleus
B09_55205980,nucleus
B09_55215982,nucleus
B09_55225983,Cell
B09_55235979,Nucleus
B09_55245981,Cell
B09_55335984,Cell
B09_55345985,Cell
B09_55355986,Cell
B09_55365987,Cell
B09_55375988,Cytosol
B09_55385989,Cell
B09_55395990,Nucleus
B09_55405991,Cell
B10_55185977,Cytosol
B10_55195978,Nucleus
B10_55205980,Cell
B10_55215982,Cell
B10_55225983,Nucleus
B10_55235979,Cell
B10_55245981,Cell
B10_55335984,Nucleus
B10_55345985,Cytosol
B10_55355986,Nucleus
B10_55365987,Cell
B10_55375988,nucleus
B10_55385989,Nucleus
B10_55395990,nucleus
B10_55405991,Cell
B10_75836284,nucleus
B11_55185977,Nucleus
B11_55195978,nucleus
B11_55205980,Cytosol
B11_55215982,Cell
B11_55225983,Cell
B11_55235979,nucleus
B11_55245981,Nucleus
B11_55335984,Cytosol
B11_55345985,Cell
B11_55355986,nucleus
B11_55365987,nucleus
B11_55375988,Cell
B11_55385989,Cytosol
B11_55395990,nucleus
B11_75836284,Nucleus
B12_55205980,Cell
B12_55215982,Cell
B12_55235979,Cytosol
B12_55245981,Nucleus
B12_55355986,Nucleus
B12_55365987,nucleus
B12_55375988,Cell
B12_55385989,nucleus
B12_75836284,Cell
C01_55185977,Cell
C01_55205980,nucleus
C01_55215982,Cell
C01_55225983,nucleus
C01_55235979,nucleus
C01_55245981,Cell
C01_55335984,nucleus
C01_55345985,Cell
C01_55355986,Cell
C01_55365987,Cell
C01_55375988,Nucleus
C01_55385989,Cell
C01_55395990,nucleus
C01_55405991,Cytosol
C01_75836284,Cell
C02_55185977,Cell
C02_55195978,Cell
C02_55205980,Cell
C02_55215982,Nucleus
C02_55225983,Cell
C02_55335984,nucleus
C02_55355986,Nucleus
C02_55365987,Cytosol
C02_55375988,Cytosol
C02_55385989,Nucleus
C02_55405991,Cell
C02_75836284,Cell
C03_55185977,Nucleus
C03_55215982,nucleus
C03_55225983,Cell
C03_55245981,Cell
C03_55335984,Cell
C03_55345985,Nucleus
C03_55355986,Cell
C03_55365987,Cell
C03_55385989,Cell
C03_55395990,nucleus
C03_55405991,Cell
C03_75836284,nucleus
C03_75846286,Cell
C04_55185977,Cell
C04_55195978,Cell
C04_55205980,Cytosol
C04_55215982,Cell
C04_55225983,nucleus
C04_55245981,Nucleus
C04_55335984,nucleus
C04_55345985,Cell
C04_55355986,Cell
C04_55375988,Cell
C04_55385989,Cell
C04_55395990,Nucleus
C04_55405991,Cell
C04_75836284,Cytosol
C05_55185977,Cell
C05_55205980,Nucleus
C05_55215982,Cell
C05_55225983,Cell
C05_55235979,Nucleus
C05_55345985,Cell
C05_55355986,nucleus
C05_55365987,cytosol
C05_55385989,Cell
C05_55395990,nucleus
C05_55405991,Cell
C06_55185977,Cytosol
C06_55225983,Cell
C06_55345985,Cytosol
C06_55355986,nucleus
C06_55365987,Nucleus
C06_55385989,nucleus
C06_55405991,Cell
C06_75836284,Cell
C06_75846286,Cytosol
C07_55185977,Nucleus
C07_55205980,Cell
C07_55215982,Cytosol
C07_55235979,Cell
C07_55245981,Cell
C07_55335984,Cell
C07_55345985,Nucleus
C07_55355986,nucleus
C07_55365987,Cell
C07_55375988,Cell
C07_55385989,Cell
C07_55395990,Cytosol
C07_55405991,Cell
C08_55185977,Cell
C08_55195978,nucleus
C08_55205980,Cell
C08_55215982,Cell
C08_55225983,Cytosol
C08_55235979,Cell
C08_55245981,Cell
C08_55335984,Cell
C08_55345985,Nucleus
C08_55365987,Cytosol
C08_55375988,Cytosol
C08_55395990,Nucleus
C08_55405991,cytosol
C09_55185977,Cytosol
C09_55205980,Cell
C09_55215982,Nucleus
C09_55225983,Cell
C09_55235979,nucleus
C09_55245981,nucleus
C09_55335984,Nucleus
C09_55345985,nucleus
C09_55365987,nucleus
C09_55385989,Cell
C09_55395990,nucleus
C09_55405991,Cell
C10_55185977,nucleus
C10_55205980,Nucleus
C10_55215982,Cytosol
C10_55225983,Cell
C10_55235979,Cell
C10_55245981,Nucleus
C10_55345985,Cell
C10_55355986,Nucleus
C10_55365987,Cell
C10_55385989,Cell
C10_55405991,Nucleus
C11_55195978,Cytosol
C11_55205980,Cell
C11_55215982,Nucleus
C11_55225983,Cell
C11_55235979,Cell
C11_55355986,Nucleus
C11_55365987,Nucleus
C11_55385989,Nucleus
C11_55395990,Nucleus
C11_55405991,Nucleus
C12_55185977,Cell
C12_55205980,nucleus
C12_55215982,Cell
C12_55225983,Nucleus
C12_55235979,nucleus
C12_55335984,nucleus
C12_55345985,Cell
C12_55365987,Nucleus
C12_55385989,Cell
D01_55205980,nucleus
D01_55215982,Cell
D01_55225983,Cell
D01_55235979,nucleus
D01_55245981,Cell
D01_55335984,nucleus
D01_55355986,Cell
D01_55365987,Cell
D01_55395990,Cell
D01_55405991,nucleus
D01_75836284,nucleus
D02_55185977,Nucleus
D02_55195978,cytosol
D02_55205980,Cell
D02_55215982,nucleus
D02_55225983,Cell
D02_55235979,Nucleus
D02_55245981,Nucleus
D02_55335984,Nucleus
D02_55345985,nucleus
D02_55375988,Nucleus
D02_55385989,Cell
D02_55395990,Nucleus
D02_55405991,Cytosol
D02_75846286,Cell
D03_55185977,Nucleus
D03_55195978,Cytosol
D03_55215982,Cell
D03_55225983,Cell
D03_55235979,Cell
D03_55245981,Cell
D03_55335984,Cell
D03_55345985,nucleus
D03_55365987,Cell
D03_55385989,Cell
D03_55395990,Cell
D03_55405991,Cell
D03_75836284,Cell
D04_55185977,Cell
D04_55205980,Cell
D04_55225983,nucleus
D04_55235979,Cytosol
D04_55245981,Cell
D04_55345985,Cell
D04_55355986,Cell
D04_55365987,nucleus
D04_55375988,Cell
D04_55385989,Cytosol
D04_55395990,Cell
D04_55405991,Cell
D05_55185977,Nucleus
D05_55195978,Cytosol
D05_55205980,Cell
D05_55215982,Cell
D05_55245981,Nucleus
D05_55335984,Nucleus
D05_55345985,nucleus
D05_55355986,Nucleus
D05_55375988,Nucleus
D05_55395990,Cell
D05_55405991,Cell
D05_75846286,Cell
D06_55195978,Nucleus
D06_55225983,Cell
D06_55235979,Nucleus
D06_55245981,Nucleus
D06_55335984,Nucleus
D06_55345985,nucleus
D06_55355986,Nucleus
D06_55365987,Nucleus
D06_55385989,Cytosol
D06_55395990,cytosol
D06_55405991,nucleus
D07_55195978,Cell
D07_55205980,Cell
D07_55215982,Nucleus
D07_55225983,Cell
D07_55235979,Nucleus
D07_55245981,Nucleus
D07_55355986,Cell
D07_55365987,Cytosol
D07_55375988,Cell
D07_55385989,Cell
D07_55395990,Cell
D07_55405991,nucleus
D07_75836284,Cell
D08_55195978,Cytosol
D08_55205980,Nucleus
D08_55215982,Cell
D08_55225983,nucleus
D08_55235979,Nucleus
D08_55245981,Cell
D08_55335984,Cell
D08_55345985,Cell
D08_55355986,Cell
D08_55365987,Cell
D08_55375988,Nucleus
D08_55395990,Cell
D08_55405991,nucleus
D08_75836284,nucleus
D09_55185977,Cell
D09_55195978,Cytosol
D09_55205980,Cell
D09_55215982,nucleus
D09_55225983,Nucleus
D09_55245981,nucleus
D09_55345985,Nucleus
D09_55355986,Cell
D09_55365987,Nucleus
D09_55375988,Cell
D09_55385989,Cell
D09_55395990,Cytosol
D09_55405991,Cell
D09_75836284,Cell
D10_55195978,Cell
D10_55205980,nucleus
D10_55215982,Nucleus
D10_55225983,Cell
D10_55235979,Cell
D10_55245981,Cell
D10_55335984,Cell
D10_55345985,nucleus
D10_55355986,Nucleus
D10_55365987,nucleus
D10_55375988,Nucleus
D10_55385989,nucleus
D11_55185977,Cell
D11_55195978,Cell
D11_55205980,Nucleus
D11_55215982,Cell
D11_55225983,Cell
D11_55235979,Nucleus
D11_55245981,Cytosol
D11_55335984,Cell
D11_55365987,Cytosol
D11_55385989,Cell
D11_55395990,nucleus
D11_55405991,Cell
D11_75836284,Cell
D12_55185977,Cell
D12_55195978,Cell
D12_55205980,nucleus
D12_55215982,Cell
D12_55225983,Cell
D12_55235979,nucleus
D12_55245981,Cell
D12_55335984,Cell
D12_55355986,Cell
D12_55365987,Cell
D12_55375988,Cell
D12_55385989,Cell
D12_55405991,Cell
D12_75836284,Cytosol
E01_55185977,Cell
E01_55195978,Nucleus
E01_55205980,Cell
E01_55215982,Nucleus
E01_55235979,Cell
E01_55245981,Cell
E01_55335984,Cell
E01_55345985,nucleus
E01_55385989,Cell
E01_55395990,Nucleus
E01_55405991,nucleus
E01_75836284,Cell
E01_75846286,Cell
E02_55185977,Cell
E02_55195978,Cell
E02_55205980,nucleus
E02_55215982,Cell
E02_55225983,Nucleus
E02_55235979,Cell
E02_55245981,Nucleus
E02_55355986,Cell
E02_55365987,nucleus
E02_55375988,Nucleus
E02_55385989,Nucleus
E02_55395990,Nucleus
E02_55405991,nucleus
E02_75846286,Cell
E03_55185977,Cell
E03_55205980,nucleus
E03_55215982,Cell
E03_55225983,Cell
E03_55235979,Cell
E03_55245981,Nucleus
E03_55345985,Cell
E03_55365987,nucleus
E03_55375988,nucleus
E03_55405991,Cell
E03_75836284,Cell
E03_75846286,Nucleus
E04_55195978,Cell
E04_55205980,Cell
E04_55215982,Cell
E04_55235979,Nucleus
E04_55245981,Cell
E04_55335984,Cell
E04_55355986,Nucleus
E04_55375988,Cell
E04_55385989,Nucleus
E04_55395990,Cell
E04_55405991,nucleus
E04_75836284,Cell
E04_75846286,Cell
E05_55185977,Cytosol
E05_55195978,Nucleus
E05_55205980,Nucleus
E05_55215982,Nucleus
E05_55245981,Cell
E05_55335984,Cell
E05_55345985,nucleus
E05_55355986,Cell
E05_55365987,Cell
E05_55375988,nucleus
E05_55385989,Cytosol
E05_55405991,Nucleus
E05_75836284,Cell
E06_55185977,nucleus
E06_55225983,Nucleus
E06_55235979,Cell
E06_55245981,Cell
E06_55335984,Nucleus
E06_55345985,Cell
E06_55355986,Cell
E06_55365987,Cell
E06_55375988,Cell
E06_55395990,Cytosol
E06_55405991,Cell
E06_75836284,cytosol
E07_55185977,nucleus
E07_55205980,Cytosol
E07_55225983,Cell
E07_55235979,Cytosol
E07_55245981,nucleus
E07_55335984,Nucleus
E07_55345985,nucleus
E07_55355986,Nucleus
E07_55365987,Nucleus
E07_55375988,Cell
E07_55385989,Cell
E07_55395990,Cell
E07_75836284,Cell
E08_55185977,Nucleus
E08_55195978,nucleus
E08_55205980,nucleus
E08_55215982,Nucleus
E08_55225983,Nucleus
E08_55235979,Nucleus
E08_55245981,Nucleus
E08_55335984,Nucleus
E08_55345985,Nucleus
E08_55365987,nucleus
E08_55375988,Nucleus
E08_55385989,Cytosol
E08_55395990,nucleus
E08_75836284,nucleus
E09_55195978,Nucleus
E09_55205980,nucleus
E09_55215982,nucleus
E09_55225983,Nucleus
E09_55245981,Cell
E09_55335984,nucleus
E09_55345985,Cell
E09_55365987,Cell
E09_55375988,nucleus
E09_55385989,Cytosol
E09_55405991,Cell
E09_75836284,Cell
E10_55185977,Nucleus
E10_55205980,Cell
E10_55215982,Cell
E10_55225983,Nucleus
E10_55235979,nucleus
E10_55335984,Cell
E10_55345985,Cell
E10_55355986,Cell
E10_55375988,nucleus
E10_55385989,Cytosol
E10_55395990,Nucleus
E10_55405991,Nucleus
E10_75836284,Cell
E11_55185977,Nucleus
E11_55205980,Cytosol
E11_55215982,Cell
E11_55225983,Nucleus
E11_55335984,Cell
E11_55345985,nucleus
E11_55365987,nucleus
E11_75836284,cytosol
E12_55215982,Nucleus
E12_55225983,Cell
E12_55245981,Cytosol
E12_55335984,Cell
E12_55345985,Cell
E12_55355986,Cell
E12_55365987,nucleus
E12_55385989,Cell
E12_55395990,Cell
F01_55185977,Cell
F01_55195978,nucleus
F01_55205980,Nucleus
F01_55215982,Cell
F01_55225983,Nucleus
F01_55235979,Cell
F01_55335984,Cell
F01_55345985,Cytosol
F01_55355986,Cell
F01_55365987,nucleus
F01_55375988,Cytosol
F01_55385989,Cell
F01_55395990,Cell
F01_55405991,Cell
F01_75836284,Cell
F01_75846286,nucleus
F02_55185977,Cell
F02_55205980,nucleus
F02_55215982,nucleus
F02_55225983,Cell
F02_55235979,Cell
F02_55245981,Nucleus
F02_55335984,nucleus
F02_55345985,Cytosol
F02_55355986,nucleus
F02_55385989,Cell
F02_55395990,Nucleus
F02_55405991,Cell
F02_75836284,Cell
F02_75846286,Nucleus
F03_55205980,Cytosol
F03_55215982,cytosol
F03_55225983,Cell
F03_55235979,Cytosol
F03_55245981,Cell
F03_55335984,Cell
F03_55355986,nucleus
F03_55365987,Nucleus
F03_55375988,cytosol
F03_55385989,Nucleus
F03_55395990,Cell
F03_55405991,nucleus
F03_75836284,Cytosol
F04_55185977,Nucleus
F04_55195978,nucleus
F04_55215982,Nucleus
F04_55235979,Cell
F04_55245981,Nucleus
F04_55335984,Cell
F04_55355986,Cell
F04_55375988,Nucleus
F04_55385989,Nucleus
F04_55395990,nucleus
F04_55405991,nucleus
F04_75836284,Nucleus
F04_75846286,Cell
F05_55185977,nucleus
F05_55195978,Cell
F05_55215982,nucleus
F05_55225983,Cell
F05_55245981,Cell
F05_55335984,Nucleus
F05_55345985,Nucleus
F05_55355986,nucleus
F05_55365987,Cell
F05_55375988,cytosol
F05_55385989,Nucleus
F05_55395990,Cell
F05_55405991,Nucleus
F05_75846286,Cytosol
F06_55195978,Cell
F06_55215982,Cell
F06_55225983,nucleus
F06_55235979,Cell
F06_55245981,Nucleus
F06_55335984,Nucleus
F06_55345985,Nucleus
F06_55355986,Cell
F06_55365987,Cytosol
F06_55375988,nucleus
F06_55385989,Cell
F06_55395990,Nucleus
F06_55405991,nucleus
F06_75836284,Nucleus
F07_55185977,Cell
F07_55195978,Nucleus
F07_55205980,cytosol
F07_55225983,Cell
F07_55235979,Cytosol
F07_55245981,Nucleus
F07_55345985,Nucleus
F07_55355986,Cell
F07_55365987,Nucleus
F07_55385989,Nucleus
F07_55395990,nucleus
F07_55405991,nucleus
F07_75836284,Cell
F08_55185977,Cell
F08_55205980,cytosol
F08_55215982,Cell
F08_55225983,Cytosol
F08_55235979,Cell
F08_55245981,Cell
F08_55335984,Nucleus
F08_55345985,nucleus
F08_55355986,Cell
F08_55365987,Nucleus
F08_55375988,Cytosol
F08_55385989,nucleus
F08_55395990,Cell
F08_75836284,Cell
F09_55215982,nucleus
F09_55225983,Cell
F09_55235979,Cell
F09_55245981,cytosol
F09_55335984,Cell
F09_55345985,Cytosol
F09_55365987,nucleus
F09_55375988,Nucleus
F09_55385989,Cell
F09_55395990,Cell
F09_55405991,Cell
F09_75836284,Cytosol
F10_55195978,nucleus
F10_55225983,Nucleus
F10_55235979,Cell
F10_55245981,nucleus
F10_55345985,nucleus
F10_55355986,nucleus
F10_55365987,Cell
F10_55375988,nucleus
F10_55385989,nucleus
F10_55395990,Cell
F10_55405991,Cell
F11_55185977,Cell
F11_55195978,Cell
F11_55205980,cytosol
F11_55215982,nucleus
F11_55225983,Nucleus
F11_55245981,Nucleus
F11_55335984,Cytosol
F11_55345985,nucleus
F11_55385989,nucleus
F11_55395990,Nucleus
F11_55405991,Nucleus
F12_55185977,Cell
F12_55195978,Cell
F12_55205980,nucleus
F12_55215982,Cytosol
F12_55245981,Cell
F12_55335984,Cell
F12_55345985,Cell
F12_55365987,Nucleus
F12_55395990,Cell
F12_55405991,Cell
G01_55185977,Cell
G01_55195978,cytosol
G01_55215982,Cytosol
G01_55235979,Cell
G01_55245981,Cell
G01_55335984,Nucleus
G01_55345985,nucleus
G01_55355986,Cytosol
G01_55365987,Nucleus
G01_55375988,Cell
G01_55385989,Nucleus
G01_55395990,Nucleus
G01_55405991,nucleus
G02_55185977,nucleus
G02_55195978,nucleus
G02_55205980,Cell
G02_55215982,Nucleus
G02_55225983,Cytosol
G02_55235979,nucleus
G02_55335984,Nucleus
G02_55365987,Cell
G02_55385989,Nucleus
G02_55395990,nucleus
G02_55405991,Nucleus
G02_75846286,nucleus
G03_55185977,nucleus
G03_55195978,nucleus
G03_55205980,Cell
G03_55215982,nucleus
G03_55225983,nucleus
G03_55235979,Cell
G03_55345985,nucleus
G03_55355986,Cell
G03_55365987,Cell
G03_55375988,nucleus
G03_55385989,Nucleus
G03_55405991,Nucleus
G03_75846286,Nucleus
G04_55185977,Nucleus
G04_55195978,Cell
G04_55205980,Cell
G04_55215982,Cell
G04_55235979,nucleus
G04_55245981,Cell
G04_55335984,Cell
G04_55345985,Cell
G04_55355986,Cytosol
G04_55365987,Cell
G04_55375988,Cell
G04_55385989,nucleus
G04_55395990,nucleus
G04_55405991,nucleus
G04_75836284,Cell
G05_55205980,nucleus
G05_55225983,Cell
G05_55235979,nucleus
G05_55335984,nucleus
G05_55355986,Cell
G05_55395990,Cell
G05_55405991,Cell
G05_75846286,Nucleus
G06_55195978,Cell
G06_55205980,Cell
G06_55215982,Cell
G06_55225983,Cell
G06_55235979,Cell
G06_55245981,Cell
G06_55335984,Cell
G06_55345985,Nucleus
G06_55385989,Cell
G06_55395990,Nucleus
G06_55405991,nucleus
G07_55185977,Nucleus
G07_55195978,Cell
G07_55205980,Cell
G07_55215982,Cell
G07_55225983,Cell
G07_55235979,cytosol
G07_55345985,Cell
G07_55355986,nucleus
G07_55365987,nucleus
G07_55375988,Nucleus
G07_55395990,Cell
G07_55405991,cytosol
G08_55185977,cytosol
G08_55195978,Nucleus
G08_55205980,nucleus
G08_55215982,nucleus
G08_55225983,Nucleus
G08_55235979,Cell
G08_55335984,Cell
G08_55345985,nucleus
G08_55355986,Cell
G08_55365987,nucleus
G08_55375988,Cell
G08_55385989,Cell
G08_55395990,Nucleus
G08_55405991,Cell
G09_55185977,Cytosol
G09_55205980,nucleus
G09_55215982,Cell
G09_55225983,Cell
G09_55245981,Cell
G09_55345985,Cell
G09_55355986,Cell
G09_55365987,nucleus
G09_55375988,Cell
G09_55385989,Cell
G09_55395990,nucleus
G09_75836284,Cell
G10_55185977,nucleus
G10_55205980,nucleus
G10_55215982,Cell
G10_55225983,Cell
G10_55235979,nucleus
G10_55245981,nucleus
G10_55335984,Cell
G10_55345985,Cell
G10_55355986,Cell
G10_55365987,Cell
G10_55385989,Cell
G10_55395990,nucleus
G10_55405991,nucleus
G11_55195978,Nucleus
G11_55205980,nucleus
G11_55215982,Cell
G11_55225983,nucleus
G11_55245981,Cell
G11_55335984,Nucleus
G11_55345985,nucleus
G11_55355986,Cell
G11_55365987,nucleus
G11_55395990,Cell
G12_55195978,Cell
G12_55205980,Nucleus
G12_55215982,Cell
G12_55235979,nucleus
G12_55245981,Cell
G12_55335984,Cell
G12_55345985,Cell
G12_55355986,nucleus
G12_55365987,Nucleus
G12_55395990,Nucleus
G12_55405991,nucleus
G12_75836284,Cell
H01_55185977,Cytosol
H01_55205980,Nucleus
H01_55215982,Nucleus
H01_55225983,Cell
H01_55235979,Nucleus
H01_55245981,Cell
H01_55335984,Cell
H01_55345985,Cytosol
H01_55365987,Nucleus
H01_55375988,Cytosol
H01_55385989,nucleus
H01_55395990,Cell
H01_55405991,Nucleus
H01_75836284,Cell
H02_55185977,Cytosol
H02_55205980,nucleus
H02_55215982,Cell
H02_55225983,Cell
H02_55235979,Cell
H02_55335984,Nucleus
H02_55355986,nucleus
H02_55375988,Nucleus
H02_55385989,nucleus
H02_55395990,Cell
H02_55405991,cytosol
H02_75836284,Cell
H02_75846286,Nucleus
H03_55185977,Nucleus
H03_55195978,Cell
H03_55205980,nucleus
H03_55215982,Cell
H03_55235979,Cell
H03_55245981,Cell
H03_55335984,Nucleus
H03_55345985,Nucleus
H03_55355986,Nucleus
H03_55365987,nucleus
H03_55375988,Cell
H03_55385989,Nucleus
H03_55395990,Cell
H03_55405991,Nucleus
H03_75836284,nucleus
H03_75846286,nucleus
H04_55185977,Nucleus
H04_55195978,Cytosol
H04_55205980,Cytosol
H04_55215982,nucleus
H04_55225983,Cell
H04_55235979,Nucleus
H04_55335984,nucleus
H04_55345985,Cell
H04_55355986,Cytosol
H04_55375988,Cell
H04_55385989,Cell
H04_55395990,Cell
H04_75836284,Cytosol
H04_75846286,Nucleus
H05_55185977,Cell
H05_55195978,Cell
H05_55205980,Cytosol
H05_55215982,Cell
H05_55245981,Nucleus
H05_55335984,Nucleus
H05_55355986,Nucleus
H05_55375988,Cell
H05_55395990,Cytosol
H05_55405991,nucleus
H05_75836284,Cell
H05_75846286,Nucleus
H06_55185977,nucleus
H06_55195978,Cell
H06_55215982,nucleus
H06_55225983,Nucleus
H06_55235979,Cell
H06_55245981,nucleus
H06_55335984,Cell
H06_55345985,nucleus
H06_55355986,Nucleus
H06_55365987,Nucleus
H06_55385989,cytosol
H06_55405991,Cell
H06_75846286,Cytosol
H07_55195978,Nucleus
H07_55215982,Cell
H07_55225983,Nucleus
H07_55235979,Cell
H07_55245981,Cell
H07_55335984,Cell
H07_55345985,nucleus
H07_55355986,Nucleus
H07_55365987,Nucleus
H07_55395990,Nucleus
H07_55405991,Cell
H08_55185977,Nucleus
H08_55195978,Nucleus
H08_55215982,Nucleus
H08_55225983,Cell
H08_55235979,Cell
H08_55245981,Cell
H08_55335984,Cytosol
H08_55345985,Nucleus
H08_55355986,nucleus
H08_55365987,Nucleus
H08_55375988,nucleus
H08_55385989,nucleus
H08_55395990,Nucleus
H08_55405991,Cell
H08_75836284,nucleus
H09_55185977,Cell
H09_55195978,Cell
H09_55205980,Cell
H09_55215982,Nucleus
H09_55225983,Cell
H09_55235979,nucleus
H09_55245981,Cell
H09_55335984,Nucleus
H09_55345985,nucleus
H09_55365987,Cell
H09_55385989,Cell
H09_55395990,nucleus
H09_55405991,Cell
H09_75836284,Nucleus
H10_55205980,Cytosol
H10_55215982,Cell
H10_55235979,Cell
H10_55245981,Nucleus
H10_55345985,Cell
H10_55355986,Nucleus
H10_55375988,Cell
H10_55385989,Cell
H10_55395990,Cell
H10_55405991,nucleus
H10_75836284,Nucleus
H11_55185977,Cell
H11_55195978,Cytosol
H11_55205980,Cell
H11_55215982,Nucleus
H11_55225983,Cell
H11_55235979,Cell
H11_55245981,Cell
H11_55335984,Cell
H11_55345985,Cell
H11_55375988,Cell
H11_55385989,Nucleus
H11_75836284,Cell
