Well_Plate,Stage,StageAJC,Green530,Red585
A4_355,G1,G1,-4.106003292,-2.057374879
A5_355,G1,G1,-4.300824174,-3.360924593
A7_355,G1,G1,-4.145866346,-3.436092645
A9_355,G1,G1,-4.25817174,-2.518940727
A20_355,G1,G1,-4.560835563,-3.281665614
A21_355,G1,G1,-3.988125904,-2.491098525
A22_355,G1,G1,-4.370448864,-3.2877721
B8_355,G1,G1,-4.282742167,-2.299834872
B9_355,G1,G1,-4.351737209,-3.078832598
B13_355,G1,G1,-4.622866529,-3.466149491
B16_355,G1,G1,-4.622554783,-3.465911735
B17_355,G1,G1,-4.495359295,-3.519472209
B19_355,G1,G1,-4.370396266,-3.350787781
B23_355,G1,G1,-3.966845424,-2.259269431
C8_355,G1,G1,-4.410497653,-2.93697807
C13_355,G1,G1,-3.770509594,-2.144370295
C16_355,G1,G1,-4.052008437,-2.153619062
C20_355,G1,G1,-3.69761213,-2.152431926
C24_355,G1,G1,-4.352537529,-2.96635687
D2_355,G1,G1,-4.161987423,-2.948056777
D9_355,G1,G1,-4.664580198,-3.113302246
D11_355,G1,G1,-4.464406892,-3.419085975
D12_355,G1,G1,-4.390675648,-3.051339532
D14_355,G1,G1,-4.142858551,-2.876189959
D18_355,G1,G1,-4.136916238,-2.256403382
D19_355,G1,G1,-3.979864166,-2.611787657
D21_355,G1,G1,-4.267851981,-2.950709589
D23_355,G1,G1,-4.152726033,-2.682410554
E1_355,G1,G1,-3.985183603,-2.021504514
E3_355,G1,G1,-4.407118854,-2.338605261
E4_355,G1,G1,-3.967684097,-2.117973572
E6_355,G1,G1,-4.372190883,-2.976971002
E8_355,G1,G1,-4.444378413,-3.306810896
E12_355,G1,G1,-4.703231175,-3.725098826
E13_355,G1,G1,-3.647066397,-2.12231125
E14_355,G1,G1,-4.002445418,-2.019838743
F1_355,G1,G1,-4.079304882,-2.654642096
F2_355,G1,G1,-4.505143946,-2.884059562
F14_355,G1,G1,-3.86677095,-2.709857165
F20_355,G1,G1,-4.124155214,-2.813178569
F22_355,G1,G1,-4.059874446,-2.630049375
F24_355,G1,G1,-3.736315147,-2.330054044
G7_355,G1,G1,-4.117986098,-2.829752299
G13_355,G1,G1,-4.231019698,-2.755009404
G16_355,G1,G1,-3.770783918,-1.836306376
G20_355,G1,G1,-4.000134044,-2.705059697
G22_355,G1,G1,-3.867872187,-2.468851445
G24_355,G1,G1,-3.960649596,-2.255362974
H7_355,G1,G1,-4.217921056,-3.071243592
H9_355,G1,G1,-4.126107045,-2.726965319
H11_355,G1,G1,-4.099227549,-2.648133281
H17_355,G1,G1,-3.955043222,-2.296749295
H19_355,G1,G1,-4.165975239,-2.820338047
H21_355,G1,G1,-3.716414315,-2.302785857
H22_355,G1,G1,-4.154404408,-2.224944482
H23_355,G1,G1,-3.795297672,-1.848438075
I2_355,G1,G1,-3.780518055,-2.361079958
I4_355,G1,G1,-3.736737252,-1.89996706
I5_355,G1,G1,-3.73208759,-1.904251721
I8_355,G1,G1,-4.322552356,-2.409425172
I15_355,G1,G1,-4.178401342,-3.040646286
I18_355,G1,G1,-4.248897305,-3.014657976
J2_355,G1,G1,-4.10958893,-2.836110398
J12_355,G1,G1,-3.577328047,-1.486079322
J13_355,G1,G1,-4.221483789,-3.018461459
J15_355,G1,G1,-4.221341777,-3.143795204
J16_355,G1,G1,-3.890641596,-2.419919051
J18_355,G1,G1,-4.127920176,-2.555952419
J19_355,G1,G1,-3.89023859,-2.523970918
J21_355,G1,G1,-3.355990535,-1.755433074
K3_355,G1,G1,-4.037356,-3.054632694
K4_355,G1,G1,-3.521797869,-1.625672057
K6_355,G1,G1,-4.190633576,-2.63049836
K9_355,G1,G1,-3.854670332,-2.120392231
K10_355,G1,G1,-3.669797632,-1.941701564
K12_355,G1,G1,-3.498573392,-1.670081264
K14_355,G1,G1,-4.282078055,-2.084118594
K15_355,G1,G1,-4.420064721,-3.042138987
K18_355,G1,G1,-3.547155791,-1.683128844
K21_355,G1,G1,-3.538145586,-1.71765712
K24_355,G1,G1,-3.864284172,-2.467885462
L1_355,G1,G1,-3.672854193,-1.825174232
L2_355,G1,G1,-3.726039389,-2.255365293
L3_355,G1,G1,-3.745252279,-2.491314601
L7_355,G1,G1,-3.804645091,-2.287087733
L9_355,G1,G1,-3.611302027,-2.177344492
L15_355,G1,G1,-4.014967051,-2.731069503
L17_355,G1,G1,-3.764977965,-2.273076646
L19_355,G1,G1,-3.419290784,-1.734079122
M1_355,G1,G1,-3.747502438,-2.490386025
M2_355,G1,G1,-3.745694893,-1.996899966
M4_355,G1,G1,-4.097721385,-2.83160449
M5_355,G1,G1,-3.63387665,-1.703629444
M7_355,G1,G1,-4.041225954,-2.462776339
M9_355,G1,G1,-3.40849436,-1.498525924
M10_355,G1,G1,-3.837976028,-2.488856402
M16_355,G1,G1,-4.008855564,-2.644791486
M17_355,G1,G1,-3.589799099,-1.750944988
M18_355,G1,G1,-3.67272963,-1.542581687
M22_355,G1,G1,-3.846166949,-2.3049567
N1_355,G1,G1,-3.511327108,-1.68797462
N2_355,G1,G1,-3.436913524,-1.455312716
N3_355,G1,G1,-3.452016566,-1.70775305
N4_355,G1,G1,-3.537287875,-1.390379242
N5_355,G1,G1,-3.694742265,-1.653944338
N6_355,G1,G1,-3.694616166,-2.172849823
N7_355,G1,G1,-3.285864549,-1.835713542
N8_355,G1,G1,-3.318777048,-1.290451134
N9_355,G1,G1,-3.643063172,-2.031666756
N10_355,G1,G1,-3.450969035,-1.789159968
N11_355,G1,G1,-3.721936957,-2.336634817
N12_355,G1,G1,-3.721783145,-1.586134991
N13_355,G1,G1,-3.406430288,-2.018312407
N14_355,G1,G1,-3.721618285,-2.01220823
N15_355,G1,G1,-3.535811288,-1.581269454
N16_355,G1,G1,-3.353388594,-1.486176423
N17_355,G1,G1,-3.642057625,-1.505067551
N18_355,G1,G1,-3.855744862,-2.108434258
N19_355,G1,G1,-3.783095119,-1.936707707
N20_355,G1,G1,-3.574758619,-2.395341204
N21_355,G1,G1,-3.46554257,-1.780887115
N22_355,G1,G1,-3.328588958,-1.122697625
N23_355,G1,G1,-3.180638597,-1.018185477
N24_355,G1,G1,-4.051339987,-2.079977386
A4_356,G1,G1,-4.547202714,-3.182372013
A5_356,G1,G1,-4.092223547,-2.700986519
B8_356,G1,G1,-4.314972631,-2.401861731
B13_356,G1,G1,-4.31178246,-2.548451373
C20_356,G1,G1,-3.480711257,-2.502276255
D11_356,G1,G1,-3.193164545,-2.099105442
D18_356,G1,G1,-3.955324939,-2.653522765
D21_356,G1,G1,-4.438863929,-2.816946549
D23_356,G1,G1,-4.258549489,-2.675062748
E3_356,G1,G1,-4.363626752,-3.080037788
E4_356,G1,G1,-3.952998164,-2.038707923
E6_356,G1,G1,-4.664135406,-3.506304227
E8_356,G1,G1,-3.70072129,-2.140012794
F14_356,G1,G1,-4.19809018,-2.49014027
G7_356,G1,G1,-3.577916196,-1.809950625
G13_356,G1,G1,-3.975658131,-2.748391767
G16_356,G1,G1,-4.502521002,-2.586632761
G20_356,G1,G1,-4.081887139,-1.8139463
I2_356,G1,G1,-3.429348473,-1.650246516
I18_356,G1,G1,-4.137177717,-2.571572303
J2_356,G1,G1,-4.163097125,-2.801915908
J15_356,G1,G1,-4.462699902,-3.663152465
J18_356,G1,G1,-4.329235116,-2.345902623
J21_356,G1,G1,-4.317755252,-2.817147678
K6_356,G1,G1,-3.379161493,-2.024193668
K21_356,G1,G1,-3.453447254,-2.436305249
L2_356,G1,G1,-3.811349514,-2.199835187
L9_356,G1,G1,-3.895656499,-2.040810596
M4_356,G1,G1,-3.962144316,-2.643095155
M5_356,G1,G1,-3.802584598,-2.125404614
M9_356,G1,G1,-3.863305862,-1.659593398
M17_356,G1,G1,-4.094775492,-2.561659096
N1_356,G1,G1,-3.899316998,-2.666495695
N2_356,G1,G1,-3.264911127,-1.334660509
N3_356,G1,G1,-3.597294705,-2.074305725
N4_356,G1,G1,-3.751960592,-2.409981402
N5_356,G1,G1,-3.500038774,-1.304281139
N6_356,G1,G1,-3.57568258,-1.946320258
N7_356,G1,G1,-3.856371819,-2.659119258
N8_356,G1,G1,-3.466285316,-1.897835473
N9_356,G1,G1,-3.466224844,-1.855665337
N10_356,G1,G1,-3.225342282,-1.590298679
N11_356,G1,G1,-3.855898935,-2.205113208
N12_356,G1,G1,-3.516821724,-1.853577094
N13_356,G1,G1,-3.942729898,-2.165796065
N14_356,G1,G1,-3.465476487,-1.819796947
N15_356,G1,G1,-3.855397997,-2.039867158
N16_356,G1,G1,-3.215400703,-1.418146132
N17_356,G1,G1,-4.118430077,-2.494038581
N18_356,G1,G1,-3.617563135,-2.037637738
N19_356,G1,G1,-3.419162396,-1.124142337
N20_356,G1,G1,-3.720087604,-1.675625609
N21_356,G1,G1,-4.050915319,-2.839742599
N22_356,G1,G1,-3.895930583,-2.677099777
N23_356,G1,G1,-3.223794091,-1.237416362
N24_356,G1,G1,-3.854444066,-2.182625213
A9_357,G1,G1,-3.24213468,-2.309099541
A22_357,G1,G1,-3.076507297,-2.592563956
B9_357,G1,G1,-4.232290459,-2.39161201
B16_357,G1,G1,-4.587588752,-2.791441486
C16_357,G1,G1,-4.421476416,-3.210735055
C20_357,G1,G1,-4.350446009,-2.758291204
D11_357,G1,G1,-4.241227029,-2.562401844
D12_357,G1,G1,-3.117536726,-2.027887519
D14_357,G1,G1,-3.602057057,-2.126971081
D21_357,G1,G1,-3.041739139,-2.479048736
E4_357,G1,G1,-4.130071734,-2.904308484
E6_357,G1,G1,-4.27454423,-2.678727289
F1_357,G1,G1,-4.023120367,-2.088195953
F20_357,G1,G1,-3.13752891,-2.197967943
F22_357,G1,G1,-3.459470672,-1.361268308
G16_357,G1,G1,-3.86408709,-2.32945174
G20_357,G1,G1,-4.104359058,-2.233801117
G24_357,G1,G1,-3.829854602,-2.485145491
H9_357,G1,G1,-4.292918087,-2.741966683
H17_357,G1,G1,-4.003802682,-2.232330601
H19_357,G1,G1,-3.690284703,-1.949447836
I5_357,G1,G1,-4.265959753,-2.803265261
I8_357,G1,G1,-3.740312677,-2.48720195
I15_357,G1,G1,-4.354742123,-3.124060909
J16_357,G1,G1,-4.047382716,-2.377073415
J19_357,G1,G1,-4.033101937,-2.287974681
K9_357,G1,G1,-3.743390455,-2.599999592
K10_357,G1,G1,-3.362170488,-1.966815789
K15_357,G1,G1,-3.816422727,-2.767234597
K21_357,G1,G1,-3.625775314,-2.089719847
L1_357,G1,G1,-4.275917638,-2.92353838
L3_357,G1,G1,-3.059680506,-1.62733521
L7_357,G1,G1,-3.680281934,-2.153978752
L19_357,G1,G1,-3.482896625,-2.010151621
M17_357,G1,G1,-3.450146426,-2.221414238
M18_357,G1,G1,-3.486469121,-2.11317173
M22_357,G1,G1,-3.712830944,-2.478775552
N1_357,G1,G1,-3.374650167,-1.77083092
N2_357,G1,G1,-3.131572841,-1.363546563
N3_357,G1,G1,-4.344464323,-2.499815909
N4_357,G1,G1,-3.423324531,-2.04838791
N5_357,G1,G1,-3.277176833,-1.339525802
N6_357,G1,G1,-3.565808479,-2.16050491
N7_357,G1,G1,-3.389487665,-2.017510324
N8_357,G1,G1,-3.478310644,-1.395856138
N9_357,G1,G1,-3.302042169,-1.677980481
N10_357,G1,G1,-3.565139152,-2.182096364
N11_357,G1,G1,-3.64410363,-1.963116624
N12_357,G1,G1,-3.519046611,-1.992189526
N13_357,G1,G1,-3.819978013,-2.100580985
N14_357,G1,G1,-3.404873172,-1.429454774
N15_357,G1,G1,-3.615660776,-2.01396373
N16_357,G1,G1,-3.342488478,-1.901007702
N17_357,G1,G1,-3.865261943,-2.63256976
N18_357,G1,G1,-3.740125737,-2.082956251
N19_357,G1,G1,-3.404274377,-1.767327152
N20_357,G1,G1,-3.103165357,-1.196870633
N21_357,G1,G1,-3.274929389,-1.472171147
N22_357,G1,G1,-3.387290932,-1.578626686
N23_357,G1,G1,-3.614303872,-2.171921379
N24_357,G1,G1,-3.371087662,-0.97454609
A7_356,G1,G2M,-2.646698111,-4.165547669
A20_356,G1,G2M,-2.9486008,-4.634336177
A22_356,G1,G2M,-2.084152769,-3.218161684
B9_356,G1,G2M,-2.381321935,-4.191597711
B16_356,G1,G2M,-2.505331961,-4.47791312
B17_356,G1,G2M,-2.412387005,-4.380891104
B19_356,G1,G2M,-2.092894335,-3.737405905
D9_356,G1,G2M,-2.19232987,-3.458927282
D12_356,G1,G2M,-2.202169313,-5.013220752
D14_356,G1,G2M,-2.13578327,-3.611791261
E1_356,G1,G2M,-2.299236696,-4.527423659
E12_356,G1,G2M,-2.197527564,-4.380279095
E13_356,G1,G2M,-2.248406126,-3.701985855
E14_356,G1,G2M,-2.127587175,-4.077631309
F2_356,G1,G2M,-2.223349761,-3.62001769
F20_356,G1,G2M,-2.169725872,-3.167657707
F22_356,G1,G2M,-1.884479983,-3.505275624
F24_356,G1,G2M,-2.289333351,-3.717233493
H17_356,G1,G2M,-1.681755057,-3.470655454
H19_356,G1,G2M,-2.375002059,-3.491487761
H21_356,G1,G2M,-2.087695965,-3.010139055
H23_356,G1,G2M,-2.273323367,-4.074070041
I4_356,G1,G2M,-2.266260715,-3.236483823
I8_356,G1,G2M,-2.188934863,-3.671450554
I15_356,G1,G2M,-2.021355778,-4.137203728
J12_356,G1,G2M,-1.815772903,-3.474430529
J13_356,G1,G2M,-1.902172142,-4.102665199
J19_356,G1,G2M,-1.859920958,-3.92182515
K4_356,G1,G2M,-2.215796658,-4.376959989
K9_356,G1,G2M,-2.11133364,-4.173565018
K12_356,G1,G2M,-1.955098554,-3.689999076
K18_356,G1,G2M,-1.881428732,-3.907422111
K24_356,G1,G2M,-1.899142944,-3.978009231
L7_356,G1,G2M,-1.771370781,-3.340803399
L17_356,G1,G2M,-1.592612092,-3.276934634
M2_356,G1,G2M,-1.537183689,-3.246383673
M10_356,G1,G2M,-1.499347594,-3.109933609
M16_356,G1,G2M,-1.785132425,-3.877179308
A7_357,G1,G2M,-2.711646146,-3.195580653
A20_357,G1,G2M,-2.406851742,-4.196278852
A21_357,G1,G2M,-2.157404536,-3.762544319
B8_357,G1,G2M,-2.545598505,-3.82097278
B13_357,G1,G2M,-2.245022782,-4.11883905
B17_357,G1,G2M,-1.874365836,-3.027682369
B23_357,G1,G2M,-1.957462579,-3.733687096
C8_357,G1,G2M,-2.095566235,-4.162009343
C24_357,G1,G2M,-2.044660863,-3.66760414
D9_357,G1,G2M,-1.94639623,-3.681358843
D19_357,G1,G2M,-2.325032857,-3.537935637
E1_357,G1,G2M,-2.149698785,-4.247295533
E3_357,G1,G2M,-2.429590344,-4.468519635
E8_357,G1,G2M,-2.134197549,-4.46312122
E12_357,G1,G2M,-2.144617953,-3.106587487
E13_357,G1,G2M,-2.07212869,-4.147135051
E14_357,G1,G2M,-1.997014903,-3.778817691
F2_357,G1,G2M,-1.916199599,-3.839943936
G7_357,G1,G2M,-1.938225285,-3.309161558
H7_357,G1,G2M,-2.280384797,-3.766730474
H22_357,G1,G2M,-2.199836247,-4.170877507
I2_357,G1,G2M,-2.149639384,-4.277861238
I4_357,G1,G2M,-2.223124161,-4.055959041
J12_357,G1,G2M,-2.074304107,-3.057188037
J15_357,G1,G2M,-1.837823186,-3.860787045
J18_357,G1,G2M,-2.384058634,-3.931488382
J21_357,G1,G2M,-1.766050498,-3.548921466
K3_357,G1,G2M,-2.145334441,-3.664589748
K4_357,G1,G2M,-1.824597761,-3.238077482
K6_357,G1,G2M,-2.83639859,-4.316913439
K12_357,G1,G2M,-1.96713293,-3.754370181
K14_357,G1,G2M,-1.622743995,-3.235550403
K18_357,G1,G2M,-1.795660247,-3.408703418
K24_357,G1,G2M,-1.771091935,-3.567038135
L2_357,G1,G2M,-1.631502306,-3.663783349
L9_357,G1,G2M,-1.491192673,-3.286431518
L17_357,G1,G2M,-2.256632703,-3.150475004
M4_357,G1,G2M,-1.472185861,-3.274881071
M9_357,G1,G2M,-1.849094423,-4.098401422
C16_356,G1,N/A,-3.27142477,-4.729553536
A9_356,G1,S-ph,-2.919577181,-2.386303328
A21_356,G1,S-ph,-1.961854495,-1.826965165
B23_356,G1,S-ph,-2.853370397,-1.989020951
C8_356,G1,S-ph,-2.631114062,-2.301530237
C13_356,G1,S-ph,-2.314361504,-1.465955885
C24_356,G1,S-ph,-2.809521645,-2.568769704
D2_356,G1,S-ph,-2.056399888,-2.965420399
D19_356,G1,S-ph,-2.4419354,-2.532401876
F1_356,G1,S-ph,-1.950644228,-2.601062413
G22_356,G1,S-ph,-1.967734374,-2.99264187
G24_356,G1,S-ph,-1.986681205,-1.997917444
H7_356,G1,S-ph,-2.471141896,-1.825215118
H9_356,G1,S-ph,-1.751168069,-2.424157529
H11_356,G1,S-ph,-1.841628092,-2.322406089
H22_356,G1,S-ph,-2.813552426,-2.123157103
I5_356,G1,S-ph,-2.403778953,-2.06110282
J16_356,G1,S-ph,-1.871422901,-2.084602054
K3_356,G1,S-ph,-2.080985733,-2.888940016
K10_356,G1,S-ph,-2.139763013,-1.838373619
K14_356,G1,S-ph,-2.148942067,-1.38549881
K15_356,G1,S-ph,-2.008748145,-1.642516792
L1_356,G1,S-ph,-2.259466896,-2.020695502
L3_356,G1,S-ph,-2.390169517,-1.69615213
L15_356,G1,S-ph,-2.321530506,-1.720623046
L19_356,G1,S-ph,-1.540397737,-2.843002444
M1_356,G1,S-ph,-2.420814797,-1.459710345
M7_356,G1,S-ph,-1.629624638,-1.619702751
M18_356,G1,S-ph,-1.636866075,-1.480091527
M22_356,G1,S-ph,-2.084413295,-1.353994891
A4_357,G1,S-ph,-2.934893775,-2.510076556
A5_357,G1,S-ph,-2.968813509,-2.164056053
B19_357,G1,S-ph,-2.626947608,-2.656069023
C13_357,G1,S-ph,-2.850432472,-2.144949629
D2_357,G1,S-ph,-2.550503275,-2.651237991
D18_357,G1,S-ph,-2.861705695,-2.441753392
D23_357,G1,S-ph,-2.575398897,-1.933460968
F14_357,G1,S-ph,-2.247097372,-2.736490567
F24_357,G1,S-ph,-2.501104301,-2.05896475
G13_357,G1,S-ph,-2.578649703,-2.056207715
G22_357,G1,S-ph,-2.496827184,-2.269903006
H11_357,G1,S-ph,-2.191021602,-2.22355908
H21_357,G1,S-ph,-1.897397174,-1.509141069
H23_357,G1,S-ph,-2.102198633,-2.018108195
I18_357,G1,S-ph,-2.500609799,-1.865225168
J2_357,G1,S-ph,-2.827239422,-2.102770317
J13_357,G1,S-ph,-2.914080064,-1.86926121
L15_357,G1,S-ph,-1.751089887,-2.908025205
M1_357,G1,S-ph,-2.063532392,-2.09798338
M2_357,G1,S-ph,-2.328251831,-1.707316128
M5_357,G1,S-ph,-2.140492846,-1.523232813
M7_357,G1,S-ph,-2.086325819,-1.575613428
M10_357,G1,S-ph,-1.589299145,-2.982306031
M16_357,G1,S-ph,-2.472519086,-1.779121614
A13_356,G2M,G1,-4.750734933,-3.792841762
B1_356,G2M,G1,-4.588858181,-3.015054773
B11_356,G2M,G1,-4.000972366,-2.587784604
C4_356,G2M,G1,-3.616571594,-2.967967479
C10_356,G2M,G1,-3.700479409,-1.764703144
C12_356,G2M,G1,-4.238668686,-2.54024062
D5_356,G2M,G1,-3.878628119,-1.873241202
D24_356,G2M,G1,-4.432799653,-3.306493651
E10_356,G2M,G1,-3.823475588,-2.149147268
E22_356,G2M,G1,-4.781672097,-3.534251802
F4_356,G2M,G1,-4.020302078,-2.46293014
F7_356,G2M,G1,-4.1663102,-2.791647397
F11_356,G2M,G1,-4.077700918,-2.78599769
F15_356,G2M,G1,-3.254691836,-2.578176671
F19_356,G2M,G1,-3.639359278,-2.441685131
G3_356,G2M,G1,-3.798657221,-1.934863545
G9_356,G2M,G1,-4.565171236,-3.313389833
G14_356,G2M,G1,-3.99072809,-2.63466404
G18_356,G2M,G1,-3.714278426,-1.920258931
G23_356,G2M,G1,-4.799595536,-2.964501231
H10_356,G2M,G1,-3.689525286,-1.524769026
H18_356,G2M,G1,-3.598364442,-1.373039428
I1_356,G2M,G1,-4.242297048,-2.516863916
I17_356,G2M,G1,-4.245956606,-2.846497772
J5_356,G2M,G1,-4.096434925,-2.556294123
J9_356,G2M,G1,-4.222527298,-2.55715372
J20_356,G2M,G1,-3.948129727,-1.965619744
J23_356,G2M,G1,-3.156316726,-2.305175106
K2_356,G2M,G1,-3.856329525,-2.116721413
K5_356,G2M,G1,-3.189037196,-1.397073745
K22_356,G2M,G1,-3.526267129,-1.628277843
K23_356,G2M,G1,-3.419219541,-1.546304087
L18_356,G2M,G1,-3.442159264,-1.196999581
A3_357,G2M,G1,-4.012537531,-2.15621747
A12_357,G2M,G1,-4.377523663,-2.606373631
A14_357,G2M,G1,-4.278738743,-2.36947647
B3_357,G2M,G1,-3.956902843,-2.127541479
B10_357,G2M,G1,-3.070395174,-2.52395561
B15_357,G2M,G1,-4.547898948,-3.015139722
C12_357,G2M,G1,-4.1618388,-2.550638829
D1_357,G2M,G1,-4.092535381,-2.595336185
D5_357,G2M,G1,-4.404391788,-2.297412096
D16_357,G2M,G1,-4.619808611,-3.307849357
D24_357,G2M,G1,-4.503684782,-2.865167104
E10_357,G2M,G1,-4.164714356,-2.029153783
E21_357,G2M,G1,-4.45999191,-3.446247126
F10_357,G2M,G1,-3.937227644,-1.982997291
F11_357,G2M,G1,-4.150418694,-2.471248074
F12_357,G2M,G1,-3.461738929,-3.554037395
F17_357,G2M,G1,-3.310064905,-2.144824305
G2_357,G2M,G1,-3.865810564,-2.448591147
G9_357,G2M,G1,-3.986847027,-2.216497322
G14_357,G2M,G1,-3.950722456,-1.77786113
G18_357,G2M,G1,-4.706542835,-3.200430527
H3_357,G2M,G1,-3.959327646,-2.731841734
H10_357,G2M,G1,-4.176781128,-2.923328051
H18_357,G2M,G1,-4.179348288,-3.091142746
I6_357,G2M,G1,-3.564363544,-1.489928542
I17_357,G2M,G1,-3.673763515,-1.729248745
I22_357,G2M,G1,-4.17936505,-2.759694191
I23_357,G2M,G1,-4.032618761,-2.287048969
J3_357,G2M,G1,-3.68472667,-2.128983508
J5_357,G2M,G1,-4.096168184,-2.459828536
J6_357,G2M,G1,-4.126698009,-3.00725452
J7_357,G2M,G1,-3.912782798,-2.594497329
J9_357,G2M,G1,-3.460399587,-2.291931222
K2_357,G2M,G1,-4.044882592,-2.90290203
K5_357,G2M,G1,-3.180342628,-2.034995807
K13_357,G2M,G1,-3.392517641,-1.621923266
K17_357,G2M,G1,-3.783596322,-1.734518117
L6_357,G2M,G1,-3.805260916,-1.696671825
L18_357,G2M,G1,-3.596464222,-2.270828417
L23_357,G2M,G1,-3.042750472,-1.945048396
M15_357,G2M,G1,-3.654439671,-1.630427875
M19_357,G2M,G1,-3.573464707,-2.087976722
M23_357,G2M,G1,-3.918855656,-2.256822287
M24_357,G2M,G1,-4.043709313,-3.27468255
A3_355,G2M,G2M,-2.470140683,-4.843712293
A6_355,G2M,G2M,-2.154071522,-4.533193546
A8_355,G2M,G2M,-2.185202294,-4.532989929
A10_355,G2M,G2M,-2.343822053,-4.134878045
A12_355,G2M,G2M,-2.364394546,-4.531469337
A13_355,G2M,G2M,-2.176090205,-4.346555077
A14_355,G2M,G2M,-2.177701138,-3.744482049
A19_355,G2M,G2M,-2.519193671,-4.821238323
A23_355,G2M,G2M,-2.326002829,-4.516816219
B1_355,G2M,G2M,-2.106857855,-4.340487079
B2_355,G2M,G2M,-2.133605659,-4.338665622
B3_355,G2M,G2M,-2.482676224,-3.755069124
B4_355,G2M,G2M,-2.253395561,-4.514717055
B10_355,G2M,G2M,-2.178356788,-4.2069641
B11_355,G2M,G2M,-2.310302469,-3.854417385
B15_355,G2M,G2M,-2.285641282,-3.543661134
B21_355,G2M,G2M,-2.304108467,-4.251196576
C4_355,G2M,G2M,-2.499923529,-4.582040624
C5_355,G2M,G2M,-2.32356342,-4.017245879
C7_355,G2M,G2M,-2.332516144,-4.155495452
C10_355,G2M,G2M,-2.344515834,-4.015626439
C11_355,G2M,G2M,-2.166937562,-4.01528353
C12_355,G2M,G2M,-2.118992824,-4.75560429
C14_355,G2M,G2M,-2.364910568,-4.357614723
C18_355,G2M,G2M,-2.192811978,-3.770642756
C19_355,G2M,G2M,-2.187865876,-4.14594187
C22_355,G2M,G2M,-2.276329607,-4.267707419
C23_355,G2M,G2M,-1.952881336,-3.630588232
D1_355,G2M,G2M,-2.238177455,-4.346466424
D4_355,G2M,G2M,-2.232025333,-4.04445744
D5_355,G2M,G2M,-2.086647977,-4.199284907
D6_355,G2M,G2M,-2.043820194,-3.898215699
D8_355,G2M,G2M,-2.053032879,-3.930318025
D13_355,G2M,G2M,-2.27287967,-4.435884164
D16_355,G2M,G2M,-2.435905855,-4.258812816
D22_355,G2M,G2M,-1.960384964,-3.772020009
D24_355,G2M,G2M,-2.039038666,-4.327759323
E10_355,G2M,G2M,-2.439647008,-3.43610245
E15_355,G2M,G2M,-2.708616763,-4.395400662
E18_355,G2M,G2M,-2.069204647,-4.08882244
E21_355,G2M,G2M,-1.902301001,-4.290800076
E22_355,G2M,G2M,-1.891335817,-3.757221812
F4_355,G2M,G2M,-2.097420071,-4.021685352
F6_355,G2M,G2M,-2.064869197,-3.717157144
F7_355,G2M,G2M,-2.149189777,-3.380457087
F9_355,G2M,G2M,-2.422271177,-4.369197297
F10_355,G2M,G2M,-2.563239304,-3.707603291
F11_355,G2M,G2M,-2.413989204,-4.059766887
F12_355,G2M,G2M,-2.285410324,-4.263801708
F15_355,G2M,G2M,-2.45494922,-4.485229136
F17_355,G2M,G2M,-1.975632452,-4.660457543
F19_355,G2M,G2M,-2.090059874,-4.169537287
F21_355,G2M,G2M,-2.036923439,-3.946688017
F23_355,G2M,G2M,-2.157046201,-4.1008725
G2_355,G2M,G2M,-1.857173646,-3.942880728
G3_355,G2M,G2M,-1.861281091,-3.389302809
G6_355,G2M,G2M,-2.284020898,-3.793860201
G8_355,G2M,G2M,-2.127772479,-3.543501204
G9_355,G2M,G2M,-2.01206387,-4.42746447
G10_355,G2M,G2M,-1.969259969,-4.126310026
G11_355,G2M,G2M,-1.943027569,-3.372966124
G14_355,G2M,G2M,-2.029808797,-4.195811125
G18_355,G2M,G2M,-1.950888158,-3.201471094
G23_355,G2M,G2M,-1.865608972,-3.396505969
H3_355,G2M,G2M,-1.956748342,-4.075911761
H10_355,G2M,G2M,-2.071071713,-4.140313164
H12_355,G2M,G2M,-2.106650606,-3.333283502
H16_355,G2M,G2M,-1.975810779,-3.683915017
H18_355,G2M,G2M,-1.977899316,-3.747677172
H20_355,G2M,G2M,-1.799518149,-3.362183378
I1_355,G2M,G2M,-1.869788848,-4.034568301
I3_355,G2M,G2M,-1.972758703,-3.963099424
I6_355,G2M,G2M,-1.585362356,-3.338353438
I11_355,G2M,G2M,-2.123149214,-4.479092813
I12_355,G2M,G2M,-1.902285335,-4.472149182
I13_355,G2M,G2M,-1.804227824,-3.597073276
I17_355,G2M,G2M,-1.871443037,-3.804412059
I22_355,G2M,G2M,-1.902210597,-3.423058537
I23_355,G2M,G2M,-2.001539128,-4.438463235
I24_355,G2M,G2M,-2.053718099,-3.593199009
J3_355,G2M,G2M,-2.12394515,-3.86580593
J5_355,G2M,G2M,-1.788284061,-3.454895652
J6_355,G2M,G2M,-1.8182524,-3.10754913
J7_355,G2M,G2M,-1.988432312,-3.505336549
J8_355,G2M,G2M,-1.737470838,-3.864019212
J9_355,G2M,G2M,-1.75579188,-3.217619773
J14_355,G2M,G2M,-1.849274513,-3.721462527
J20_355,G2M,G2M,-1.608574894,-3.461639192
J23_355,G2M,G2M,-2.263560592,-4.179484765
K2_355,G2M,G2M,-1.845673654,-3.749146681
K5_355,G2M,G2M,-2.120931743,-3.441115559
K7_355,G2M,G2M,-1.732149315,-4.157537353
K11_355,G2M,G2M,-1.96570465,-3.583600617
K13_355,G2M,G2M,-1.731290516,-3.578451659
K17_355,G2M,G2M,-1.714674635,-3.050046614
K22_355,G2M,G2M,-1.716082095,-4.106542181
K23_355,G2M,G2M,-1.810468198,-3.371010107
L6_355,G2M,G2M,-1.660938276,-3.329577328
L14_355,G2M,G2M,-1.547371229,-3.466800241
L18_355,G2M,G2M,-1.761354198,-3.641119845
L21_355,G2M,G2M,-1.737020303,-3.697476361
L23_355,G2M,G2M,-1.603464918,-3.152754138
M15_355,G2M,G2M,-1.591543895,-3.774060534
M19_355,G2M,G2M,-1.385287738,-3.129765692
M23_355,G2M,G2M,-1.801304181,-3.496455182
M24_355,G2M,G2M,-1.651603663,-3.193263773
A8_356,G2M,G2M,-2.216234421,-4.515055461
A10_356,G2M,G2M,-2.512689194,-5.117072337
A12_356,G2M,G2M,-1.914742893,-4.513220931
B2_356,G2M,G2M,-2.434478303,-3.666455577
B15_356,G2M,G2M,-2.044994951,-3.596110925
B21_356,G2M,G2M,-2.395569512,-3.12893266
C5_356,G2M,G2M,-2.217139517,-4.462529015
C7_356,G2M,G2M,-2.231180313,-4.022709486
C11_356,G2M,G2M,-2.087301845,-3.979172643
C22_356,G2M,G2M,-2.087217306,-3.592670134
C23_356,G2M,G2M,-2.15076529,-3.576567572
D1_356,G2M,G2M,-2.044153852,-3.432434775
D4_356,G2M,G2M,-2.530379358,-4.54457236
D6_356,G2M,G2M,-2.668629875,-4.72018412
D8_356,G2M,G2M,-2.391904147,-3.973958686
D13_356,G2M,G2M,-2.0141853,-5.009735516
D16_356,G2M,G2M,-2.056930513,-4.310650836
D22_356,G2M,G2M,-2.37364428,-4.52901948
E21_356,G2M,G2M,-2.252825866,-3.965624967
F9_356,G2M,G2M,-2.126748335,-4.050365254
F23_356,G2M,G2M,-1.901741786,-3.745402732
G2_356,G2M,G2M,-2.207523025,-3.921192087
G6_356,G2M,G2M,-1.838379299,-3.241281137
G10_356,G2M,G2M,-2.313147566,-4.113425231
H12_356,G2M,G2M,-1.871444873,-3.639599365
H16_356,G2M,G2M,-2.280895363,-3.315872426
H20_356,G2M,G2M,-1.778550969,-3.62758529
I3_356,G2M,G2M,-1.965966694,-3.42243314
I6_356,G2M,G2M,-2.287614259,-3.45354766
I12_356,G2M,G2M,-1.991785904,-3.965922574
I13_356,G2M,G2M,-2.170296622,-4.040380786
I22_356,G2M,G2M,-2.446886626,-3.058118983
I23_356,G2M,G2M,-2.338671505,-4.723406411
J6_356,G2M,G2M,-1.999839034,-4.015669855
K11_356,G2M,G2M,-2.01468873,-3.235615841
K13_356,G2M,G2M,-1.798027742,-3.74089536
K17_356,G2M,G2M,-1.806269709,-3.615118523
L6_356,G2M,G2M,-1.665534806,-3.551279174
L14_356,G2M,G2M,-1.857632984,-3.737669627
L21_356,G2M,G2M,-1.712709558,-3.114842964
L23_356,G2M,G2M,-1.723042209,-3.617689151
M15_356,G2M,G2M,-1.480925183,-3.251507192
M23_356,G2M,G2M,-1.768722434,-3.464702406
A6_357,G2M,G2M,-2.082709378,-4.210811366
A8_357,G2M,G2M,-2.442394036,-4.274734985
A10_357,G2M,G2M,-2.601164667,-4.149496233
A13_357,G2M,G2M,-2.310975122,-4.571953272
A19_357,G2M,G2M,-2.203920644,-3.742976368
A23_357,G2M,G2M,-2.197184441,-4.041195234
B1_357,G2M,G2M,-2.519682184,-4.341074277
B2_357,G2M,G2M,-2.387382654,-4.261100226
B11_357,G2M,G2M,-2.280473658,-4.546127088
B21_357,G2M,G2M,-2.166329727,-3.713082938
C4_357,G2M,G2M,-2.560553701,-3.863169853
C5_357,G2M,G2M,-2.169424001,-3.862246415
C7_357,G2M,G2M,-2.172512709,-3.283979284
C14_357,G2M,G2M,-2.269604206,-3.999239319
C22_357,G2M,G2M,-2.234049925,-3.013679697
C23_357,G2M,G2M,-2.204384952,-4.087155604
D4_357,G2M,G2M,-2.049250702,-4.142519074
D13_357,G2M,G2M,-1.843844867,-3.831901754
E15_357,G2M,G2M,-2.158782435,-4.623884756
E18_357,G2M,G2M,-2.360094017,-3.923725725
E22_357,G2M,G2M,-1.771898928,-3.622048151
F4_357,G2M,G2M,-2.125073345,-3.500510911
F9_357,G2M,G2M,-2.094080456,-4.210227531
F15_357,G2M,G2M,-2.085027599,-4.194869402
F21_357,G2M,G2M,-2.111317573,-4.580069223
F23_357,G2M,G2M,-1.872657422,-3.924078177
G3_357,G2M,G2M,-1.945084949,-3.532869593
G8_357,G2M,G2M,-2.101314863,-4.24812046
G10_357,G2M,G2M,-2.031530528,-4.071789986
G11_357,G2M,G2M,-1.879038649,-3.847294967
G23_357,G2M,G2M,-2.331553287,-4.522920001
H12_357,G2M,G2M,-2.540164939,-3.200176781
I1_357,G2M,G2M,-1.7572546,-4.152983576
I11_357,G2M,G2M,-2.380099625,-3.120285951
I12_357,G2M,G2M,-2.136372043,-4.114911084
J20_357,G2M,G2M,-2.012315288,-4.329316505
J23_357,G2M,G2M,-1.931134685,-3.782861493
K22_357,G2M,G2M,-1.699958922,-3.570729693
K23_357,G2M,G2M,-1.653969803,-3.96509582
L14_357,G2M,G2M,-1.978934856,-3.929278396
L21_357,G2M,G2M,-1.3005231,-3.261474346
M21_357,G2M,G2M,-1.958075535,-3.632457292
L20_355,G2M,S-ph,-1.566749561,-2.892651034
M21_355,G2M,S-ph,-1.690966987,-2.723768311
P1_355,G2M,S-ph,-1.499475355,-1.42129047
P2_355,G2M,S-ph,-1.466755115,-2.156851901
P3_355,G2M,S-ph,-1.882297657,-1.822821645
P4_355,G2M,S-ph,-1.2884396,-1.059876091
P5_355,G2M,S-ph,-1.110679718,-1.414973348
P6_355,G2M,S-ph,-0.883721259,-1.07371835
P7_355,G2M,S-ph,-1.13411424,-1.100753352
P8_355,G2M,S-ph,-1.402119735,-0.868812314
P9_355,G2M,S-ph,-1.443952504,-1.072341822
P10_355,G2M,S-ph,-1.25688814,-1.06069784
P11_355,G2M,S-ph,-1.044829157,-1.207125493
P12_355,G2M,S-ph,-1.002438151,-1.03809005
P13_355,G2M,S-ph,-1.019679583,-1.086359831
P14_355,G2M,S-ph,-0.893289455,-1.342422681
P15_355,G2M,S-ph,-0.901675174,-0.721246399
P16_355,G2M,S-ph,-1.167221066,-0.698970004
P17_355,G2M,S-ph,-1.108397319,-1.035715552
P18_355,G2M,S-ph,-0.787746851,-0.714482171
P19_355,G2M,S-ph,-0.72734218,-0.744727495
P20_355,G2M,S-ph,-0.664339658,-0.68797462
P21_355,G2M,S-ph,-0.42786652,-0.330993219
P22_355,G2M,S-ph,-0.317819747,-0.439332694
A3_356,G2M,S-ph,-2.780335317,-2.661078698
A6_356,G2M,S-ph,-2.622588181,-2.212707655
A14_356,G2M,S-ph,-2.650684273,-2.398210004
A19_356,G2M,S-ph,-2.96949241,-2.564007026
A23_356,G2M,S-ph,-2.662634012,-1.890220986
B3_356,G2M,S-ph,-2.19564951,-2.684099857
B4_356,G2M,S-ph,-2.653597142,-2.537399284
B10_356,G2M,S-ph,-2.68563545,-2.158969468
C14_356,G2M,S-ph,-1.934046017,-2.081469783
C18_356,G2M,S-ph,-2.347365162,-2.476504451
C19_356,G2M,S-ph,-2.64063142,-2.358528673
E15_356,G2M,S-ph,-2.64743961,-2.163731187
E18_356,G2M,S-ph,-2.217337071,-1.648193132
F6_356,G2M,S-ph,-2.460059218,-2.376643828
F10_356,G2M,S-ph,-2.393759951,-2.348048663
F12_356,G2M,S-ph,-2.201110072,-2.023478397
F17_356,G2M,S-ph,-2.751511733,-2.009989058
F21_356,G2M,S-ph,-2.020380927,-1.465350714
G8_356,G2M,S-ph,-2.890557777,-2.442075327
G11_356,G2M,S-ph,-2.892502271,-1.847216977
H3_356,G2M,S-ph,-1.980927112,-1.393271889
I11_356,G2M,S-ph,-2.227408889,-1.966000858
I24_356,G2M,S-ph,-2.233546,-2.333854254
J3_356,G2M,S-ph,-1.992342887,-2.017970454
J7_356,G2M,S-ph,-2.467694452,-2.684047959
J8_356,G2M,S-ph,-1.970510014,-1.925929254
J14_356,G2M,S-ph,-2.224396663,-2.708944255
K7_356,G2M,S-ph,-2.908191496,-1.976593483
L20_356,G2M,S-ph,-2.070260278,-1.516766274
M19_356,G2M,S-ph,-1.928506489,-1.41128831
M21_356,G2M,S-ph,-1.832409027,-1.934747759
M24_356,G2M,S-ph,-2.673845134,-1.527973123
P1_356,G2M,S-ph,-1.230296123,-1.783383777
P2_356,G2M,S-ph,-1.415612664,-1.949390007
P3_356,G2M,S-ph,-1.165890886,-1.505149978
P4_356,G2M,S-ph,-1.347720313,-1.80106053
P5_356,G2M,S-ph,-1.176256202,-1.544068044
P6_356,G2M,S-ph,-1.447190524,-0.950653278
P7_356,G2M,S-ph,-1.107711041,-1.026793177
P8_356,G2M,S-ph,-1.197807714,-1.537819095
P9_356,G2M,S-ph,-1.181582686,-0.775810035
P10_356,G2M,S-ph,-1.282936108,-1.474701781
P11_356,G2M,S-ph,-0.988513558,-0.939812794
P12_356,G2M,S-ph,-1.097023012,-0.772077103
P13_356,G2M,S-ph,-1.137804939,-1.795880017
P14_356,G2M,S-ph,-0.863633352,-0.642593538
P15_356,G2M,S-ph,-0.909758496,-0.791515212
P16_356,G2M,S-ph,-0.99782054,-1.403692338
P17_356,G2M,S-ph,-0.788065022,-1.301029996
P18_356,G2M,S-ph,-0.918156901,-1.056904851
P19_356,G2M,S-ph,-0.559101685,-0.653212514
P20_356,G2M,S-ph,-0.639901409,-0.309984838
P21_356,G2M,S-ph,-0.344405174,-0.966141733
P22_356,G2M,S-ph,-0.500963871,-0.159700843
B4_357,G2M,S-ph,-2.48199198,-2.527324469
C10_357,G2M,S-ph,-2.467660129,-2.233064515
C11_357,G2M,S-ph,-2.849649876,-2.349844626
C18_357,G2M,S-ph,-2.871034304,-2.408946982
C19_357,G2M,S-ph,-2.754435434,-2.421485467
D6_357,G2M,S-ph,-2.467247735,-2.397627293
D8_357,G2M,S-ph,-2.463641774,-2.437088133
D22_357,G2M,S-ph,-2.40848397,-1.495536842
F6_357,G2M,S-ph,-2.185768486,-2.303592088
F7_357,G2M,S-ph,-2.228691231,-2.464169079
F19_357,G2M,S-ph,-1.96068878,-2.734536877
G6_357,G2M,S-ph,-2.978021646,-2.155250822
H16_357,G2M,S-ph,-2.902396563,-1.857162751
H20_357,G2M,S-ph,-2.950961648,-2.903336017
I3_357,G2M,S-ph,-2.116787127,-2.282195503
I13_357,G2M,S-ph,-1.753101436,-2.468664352
I24_357,G2M,S-ph,-2.562767967,-2.102819238
J8_357,G2M,S-ph,-2.761482679,-2.258852796
J14_357,G2M,S-ph,-2.493939933,-1.827948167
K7_357,G2M,S-ph,-2.29771648,-2.613915783
K11_357,G2M,S-ph,-2.301050578,-2.318636333
L20_357,G2M,S-ph,-2.991876476,-1.06028588
P1_357,G2M,S-ph,-1.537834559,-1.740362689
P2_357,G2M,S-ph,-1.460740125,-1.264817823
P3_357,G2M,S-ph,-1.746115736,-1.104291967
P4_357,G2M,S-ph,-1.518201546,-1.498310554
P5_357,G2M,S-ph,-1.188176274,-1.460521993
P6_357,G2M,S-ph,-1.405731209,-1.445214876
P7_357,G2M,S-ph,-1.18719888,-0.719654603
P8_357,G2M,S-ph,-1.216559306,-1.01494035
P9_357,G2M,S-ph,-1.385226147,-1.317018101
P10_357,G2M,S-ph,-1.164202216,-1.562292864
P11_357,G2M,S-ph,-1.092675255,-1.537819095
P12_357,G2M,S-ph,-1.026244058,-1.224014811
P13_357,G2M,S-ph,-0.976544352,-0.698970004
P14_357,G2M,S-ph,-0.983841559,-1.086359831
P15_357,G2M,S-ph,-1.05774695,-1.380211242
P16_357,G2M,S-ph,-0.794902378,-0.980255942
P17_357,G2M,S-ph,-0.924202421,-1.214843848
P18_357,G2M,S-ph,-0.778655114,-1.562292864
P19_357,G2M,S-ph,-0.645789209,-0.791116228
P20_357,G2M,S-ph,-0.700801921,-1.120573931
P21_357,G2M,S-ph,-0.749832174,-1.263241435
P22_357,G2M,S-ph,-0.122635313,-0.026872146
A17_355,S-ph,G1,-3.212326173,-2.617284562
B14_355,S-ph,G1,-3.309848756,-2.872228704
D17_355,S-ph,G1,-3.214688774,-2.117143615
G5_355,S-ph,G1,-3.297834583,-2.265690002
H15_355,S-ph,G1,-3.199717788,-2.152746864
J17_355,S-ph,G1,-3.131942236,-1.847510231
A1_356,S-ph,G1,-3.473774098,-2.134833252
A18_356,S-ph,G1,-3.643097199,-2.447459427
B20_356,S-ph,G1,-5.000886142,-3.510200713
C6_356,S-ph,G1,-4.156183328,-2.493574219
C9_356,S-ph,G1,-3.577994307,-2.311385595
C17_356,S-ph,G1,-4.527880541,-3.037954713
C21_356,S-ph,G1,-4.287318388,-3.150347018
E11_356,S-ph,G1,-3.416584584,-2.43765626
F3_356,S-ph,G1,-4.055120937,-2.624885411
F5_356,S-ph,G1,-4.036057858,-2.208160628
F13_356,S-ph,G1,-4.501862261,-2.653981961
G17_356,S-ph,G1,-3.184380107,-2.291104149
G21_356,S-ph,G1,-4.702730303,-3.59567023
H13_356,S-ph,G1,-4.242562451,-2.840426449
H15_356,S-ph,G1,-3.246711771,-3.582377568
H24_356,S-ph,G1,-4.093353693,-2.092146894
I14_356,S-ph,G1,-3.83214538,-1.845541537
I19_356,S-ph,G1,-4.329038361,-2.926141397
I20_356,S-ph,G1,-4.380159214,-3.015150103
I21_356,S-ph,G1,-3.885288832,-1.808430671
J10_356,S-ph,G1,-4.560260616,-2.561169556
K1_356,S-ph,G1,-4.105054034,-2.550424761
L5_356,S-ph,G1,-3.104182489,-1.837874051
L8_356,S-ph,G1,-3.461587919,-2.072043075
L12_356,S-ph,G1,-3.603623267,-2.402021025
L16_356,S-ph,G1,-3.588621379,-2.502890947
M11_356,S-ph,G1,-3.76948593,-2.065202499
M20_356,S-ph,G1,-3.843076977,-1.924837864
A16_357,S-ph,G1,-4.498436917,-2.582231325
A18_357,S-ph,G1,-3.379400217,-2.219422157
B5_357,S-ph,G1,-3.364001075,-1.69730211
B6_357,S-ph,G1,-4.175480405,-2.784236524
B20_357,S-ph,G1,-4.136775088,-2.438737448
C3_357,S-ph,G1,-4.198198729,-2.67286366
C21_357,S-ph,G1,-4.097867878,-2.575524048
D7_357,S-ph,G1,-4.137223159,-2.546048866
D10_357,S-ph,G1,-4.154415278,-2.468910571
D20_357,S-ph,G1,-4.382921631,-2.959125604
E16_357,S-ph,G1,-3.022316621,-2.594428696
F5_357,S-ph,G1,-3.996054372,-2.251751676
F13_357,S-ph,G1,-4.019058465,-2.63252367
F18_357,S-ph,G1,-3.674392621,-1.74408467
G17_357,S-ph,G1,-3.576268812,-2.005991068
G21_357,S-ph,G1,-4.029682746,-2.620724315
H6_357,S-ph,G1,-3.547185521,-1.684761231
J10_357,S-ph,G1,-4.021088838,-1.986627592
J11_357,S-ph,G1,-3.675704446,-2.164227286
K20_357,S-ph,G1,-3.847049798,-2.124739192
L4_357,S-ph,G1,-3.693762912,-2.373136076
L10_357,S-ph,G1,-4.173415222,-2.347127175
L11_357,S-ph,G1,-4.049889626,-2.625934568
M8_357,S-ph,G1,-3.653229545,-2.318416796
M14_357,S-ph,G1,-3.762372174,-2.079251175
B5_355,S-ph,G2M,-2.493351606,-3.17221803
B6_355,S-ph,G2M,-2.164433577,-3.134416191
C9_355,S-ph,G2M,-2.659713984,-3.103279059
C17_355,S-ph,G2M,-2.161026776,-3.079335224
C21_355,S-ph,G2M,-2.227405237,-3.168113511
E9_355,S-ph,G2M,-2.337927954,-3.172010214
F13_355,S-ph,G2M,-2.200953023,-3.081920265
A15_356,S-ph,G2M,-2.261109722,-3.461765231
A16_356,S-ph,G2M,-2.331977176,-3.967109851
A17_356,S-ph,G2M,-2.255083769,-4.158844774
B5_356,S-ph,G2M,-2.194506021,-3.07521664
B6_356,S-ph,G2M,-2.673759605,-3.816387843
D7_356,S-ph,G2M,-2.259796909,-3.552961758
D17_356,S-ph,G2M,-2.056961592,-4.231418614
E7_356,S-ph,G2M,-2.317139769,-3.365706325
E9_356,S-ph,G2M,-2.390192778,-4.034387784
E16_356,S-ph,G2M,-2.538516952,-4.378538706
E20_356,S-ph,G2M,-2.370530997,-4.666597532
F8_356,S-ph,G2M,-1.977422098,-3.631941174
F18_356,S-ph,G2M,-1.782704355,-3.620661433
G15_356,S-ph,G2M,-2.588089993,-4.407186883
H8_356,S-ph,G2M,-1.909159033,-3.475551183
I10_356,S-ph,G2M,-1.944716391,-3.745847398
I16_356,S-ph,G2M,-2.037197936,-3.954869371
J4_356,S-ph,G2M,-2.211016353,-4.417820317
J11_356,S-ph,G2M,-1.862830593,-3.450804882
J17_356,S-ph,G2M,-1.912278272,-4.101540873
K8_356,S-ph,G2M,-2.016414245,-3.810242122
L4_356,S-ph,G2M,-1.865720585,-3.715155404
L13_356,S-ph,G2M,-2.585544156,-4.517618107
M3_356,S-ph,G2M,-1.73610524,-3.707808547
M8_356,S-ph,G2M,-1.678228606,-3.797319487
A17_357,S-ph,G2M,-2.015646447,-3.355142549
B7_357,S-ph,G2M,-2.654044825,-4.548700541
B14_357,S-ph,G2M,-1.860270138,-3.514344337
B24_357,S-ph,G2M,-2.511548516,-4.234281006
C2_357,S-ph,G2M,-2.525468449,-4.234175484
C15_357,S-ph,G2M,-2.290814098,-3.217957462
C17_357,S-ph,G2M,-2.545140365,-4.39374187
D17_357,S-ph,G2M,-2.307101606,-3.714325102
E19_357,S-ph,G2M,-2.265911052,-4.321380918
E20_357,S-ph,G2M,-2.104428206,-3.175201078
F3_357,S-ph,G2M,-2.145969894,-4.137396315
G1_357,S-ph,G2M,-2.11726559,-4.013841986
G5_357,S-ph,G2M,-1.952443029,-3.552382242
G15_357,S-ph,G2M,-2.227075214,-4.366204977
H2_357,S-ph,G2M,-1.9662203,-3.056740613
H4_357,S-ph,G2M,-2.441477113,-3.201457078
H13_357,S-ph,G2M,-2.154966875,-4.010483701
H14_357,S-ph,G2M,-1.286648084,-3.325961308
H24_357,S-ph,G2M,-1.585760311,-3.856139566
I20_357,S-ph,G2M,-1.726481492,-3.519276575
J17_357,S-ph,G2M,-1.746032143,-3.85413391
J22_357,S-ph,G2M,-2.290285839,-3.849931011
K1_357,S-ph,G2M,-1.859936847,-3.782728498
L5_357,S-ph,G2M,-1.530240893,-3.093494142
L12_357,S-ph,G2M,-1.83296087,-3.687363314
L13_357,S-ph,G2M,-1.773103745,-3.832457816
M3_357,S-ph,G2M,-1.344837517,-3.079437525
B7_356,S-ph,N/A,-3.019234865,-4.316623743
A1_355,S-ph,S-ph,-2.462901695,-2.314344409
A15_355,S-ph,S-ph,-2.979722118,-2.731976783
A16_355,S-ph,S-ph,-2.101543705,-2.966233016
A18_355,S-ph,S-ph,-2.721368064,-2.395777802
B7_355,S-ph,S-ph,-2.44125899,-2.057969169
B18_355,S-ph,S-ph,-2.440672005,-2.243588032
B20_355,S-ph,S-ph,-2.372909681,-2.521301567
B24_355,S-ph,S-ph,-2.870686495,-2.299536726
C2_355,S-ph,S-ph,-2.822299576,-1.862898212
C3_355,S-ph,S-ph,-2.09570338,-2.925610997
C6_355,S-ph,S-ph,-2.064579319,-2.624058277
C15_355,S-ph,S-ph,-2.619936868,-2.648625048
D7_355,S-ph,S-ph,-2.671979683,-2.451030217
D10_355,S-ph,S-ph,-2.56628981,-2.01450558
D20_355,S-ph,S-ph,-2.144045836,-2.22545894
E7_355,S-ph,S-ph,-2.743064414,-2.537891878
E11_355,S-ph,S-ph,-2.383290076,-2.159534492
E16_355,S-ph,S-ph,-2.740645019,-2.514693336
E19_355,S-ph,S-ph,-2.330314026,-2.67266612
E20_355,S-ph,S-ph,-2.58634385,-2.317673054
F3_355,S-ph,S-ph,-2.305535398,-2.101435443
F5_355,S-ph,S-ph,-1.985743818,-2.680215224
F8_355,S-ph,S-ph,-2.981443395,-1.718827874
F18_355,S-ph,S-ph,-2.777325306,-2.651033145
G1_355,S-ph,S-ph,-2.851039358,-1.666391785
G15_355,S-ph,S-ph,-2.754704031,-1.957989402
G17_355,S-ph,S-ph,-1.925534879,-2.02405761
G21_355,S-ph,S-ph,-2.870726842,-2.693361983
H1_355,S-ph,S-ph,-2.358312941,-2.756877497
H2_355,S-ph,S-ph,-2.075660753,-2.020407392
H4_355,S-ph,S-ph,-2.369270556,-2.980660431
H6_355,S-ph,S-ph,-2.439880617,-1.732793241
H8_355,S-ph,S-ph,-2.92371324,-2.427984606
H13_355,S-ph,S-ph,-2.292916814,-2.125648628
H14_355,S-ph,S-ph,-2.130517735,-2.046968587
H24_355,S-ph,S-ph,-2.51938027,-1.994832067
I10_355,S-ph,S-ph,-2.390152572,-1.800046637
I14_355,S-ph,S-ph,-2.016077863,-1.499454303
I16_355,S-ph,S-ph,-1.998277759,-2.079635292
I19_355,S-ph,S-ph,-2.165954301,-1.968910742
I20_355,S-ph,S-ph,-2.46841684,-1.9858937
I21_355,S-ph,S-ph,-2.579094327,-1.882958949
J4_355,S-ph,S-ph,-1.902062635,-2.890683471
J10_355,S-ph,S-ph,-2.880309419,-1.911654506
J11_355,S-ph,S-ph,-2.076509325,-1.544305949
J22_355,S-ph,S-ph,-2.141039527,-2.71982076
K1_355,S-ph,S-ph,-2.735693711,-1.82901122
K8_355,S-ph,S-ph,-2.557215745,-1.918472762
K20_355,S-ph,S-ph,-2.154877697,-1.81892832
L4_355,S-ph,S-ph,-2.299424954,-2.168206299
L5_355,S-ph,S-ph,-2.355121465,-1.537688443
L8_355,S-ph,S-ph,-1.946340879,-1.547384136
L10_355,S-ph,S-ph,-2.332360619,-1.561795748
L11_355,S-ph,S-ph,-1.990918424,-1.960959038
L12_355,S-ph,S-ph,-2.224639246,-2.054599848
L13_355,S-ph,S-ph,-2.142022264,-1.847441783
L16_355,S-ph,S-ph,-2.59045642,-1.477285418
L22_355,S-ph,S-ph,-2.730580419,-1.336758016
L24_355,S-ph,S-ph,-2.392579158,-2.042874529
M3_355,S-ph,S-ph,-1.923885066,-1.527632991
M6_355,S-ph,S-ph,-1.787128031,-2.426189049
M8_355,S-ph,S-ph,-2.01936843,-1.614653002
M11_355,S-ph,S-ph,-2.150148471,-2.206054482
M12_355,S-ph,S-ph,-2.678518379,-1.581883816
M13_355,S-ph,S-ph,-1.908534955,-2.425608638
M14_355,S-ph,S-ph,-1.593367957,-1.794599059
M20_355,S-ph,S-ph,-1.775477587,-1.974437531
O1_355,S-ph,S-ph,-1.810503996,-1.65147777
O2_355,S-ph,S-ph,-2.538177822,-1.370247383
O3_355,S-ph,S-ph,-2.782130958,-1.209499739
O4_355,S-ph,S-ph,-2.748182407,-1.430087834
O5_355,S-ph,S-ph,-2.287458488,-1.235904252
O6_355,S-ph,S-ph,-1.740746327,-1.328081878
O7_355,S-ph,S-ph,-1.2646988,-1.887248408
O8_355,S-ph,S-ph,-1.955665232,-1.236365968
O9_355,S-ph,S-ph,-1.489276257,-0.786872623
O10_355,S-ph,S-ph,-1.796068699,-1.520827027
O11_355,S-ph,S-ph,-2.248766931,-1.301679651
O12_355,S-ph,S-ph,-2.221580075,-1.229506705
O13_355,S-ph,S-ph,-2.464292094,-1.102236215
O14_355,S-ph,S-ph,-2.692491776,-1.065459262
O15_355,S-ph,S-ph,-1.365081478,-1.410446405
O16_355,S-ph,S-ph,-2.250181902,-0.960404123
O17_355,S-ph,S-ph,-2.052159769,-1.101899753
O18_355,S-ph,S-ph,-2.034280126,-1.029071448
O19_355,S-ph,S-ph,-2.405958068,-0.828387882
O20_355,S-ph,S-ph,-2.227589272,-0.579704497
O21_355,S-ph,S-ph,-1.257883459,-1.289955627
O22_355,S-ph,S-ph,-2.16513344,-0.692556256
O23_355,S-ph,S-ph,-1.899220918,-0.335002891
O24_355,S-ph,S-ph,-1.187354397,-0.706708195
B14_356,S-ph,S-ph,-2.721268309,-1.767726283
B18_356,S-ph,S-ph,-2.688024708,-2.484350432
B24_356,S-ph,S-ph,-2.576190588,-2.374555985
C2_356,S-ph,S-ph,-2.152204363,-2.147751844
C3_356,S-ph,S-ph,-2.330804382,-2.068842146
C15_356,S-ph,S-ph,-2.641394457,-2.495251496
D10_356,S-ph,S-ph,-2.482449629,-2.380706384
D20_356,S-ph,S-ph,-2.017464119,-2.583675955
E19_356,S-ph,S-ph,-2.221106431,-2.347076242
G1_356,S-ph,S-ph,-2.277570989,-1.810012878
G5_356,S-ph,S-ph,-2.29723305,-2.061710513
H1_356,S-ph,S-ph,-2.547525791,-2.597164199
H2_356,S-ph,S-ph,-2.755955791,-2.529847997
H4_356,S-ph,S-ph,-2.18930954,-2.826464748
H6_356,S-ph,S-ph,-2.087668883,-2.250169688
H14_356,S-ph,S-ph,-2.481896242,-1.350906489
J22_356,S-ph,S-ph,-2.470287218,-2.128568288
K20_356,S-ph,S-ph,-2.532339593,-1.900367129
L10_356,S-ph,S-ph,-2.064500236,-2.51559895
L11_356,S-ph,S-ph,-1.760222328,-1.394196934
L22_356,S-ph,S-ph,-2.396654264,-1.171762336
L24_356,S-ph,S-ph,-2.25372187,-1.647158421
M6_356,S-ph,S-ph,-1.535088476,-2.195933802
M12_356,S-ph,S-ph,-1.796746617,-2.150838157
M13_356,S-ph,S-ph,-1.897743755,-1.837149091
M14_356,S-ph,S-ph,-1.393201503,-1.602484477
O1_356,S-ph,S-ph,-1.844424707,-1.546924898
O2_356,S-ph,S-ph,-2.291290414,-1.484626636
O3_356,S-ph,S-ph,-2.771985574,-1.368961849
O4_356,S-ph,S-ph,-1.940054775,-1.391453585
O5_356,S-ph,S-ph,-2.015270602,-1.062745877
O6_356,S-ph,S-ph,-1.958510794,-1.122606911
O7_356,S-ph,S-ph,-2.414575735,-1.052210629
O8_356,S-ph,S-ph,-1.654111252,-1.086846367
O9_356,S-ph,S-ph,-1.403856244,-1.768447491
O10_356,S-ph,S-ph,-1.758558863,-1.284276603
O11_356,S-ph,S-ph,-1.319532929,-1.718966962
O12_356,S-ph,S-ph,-1.43339516,-1.617252564
O13_356,S-ph,S-ph,-2.445711082,-1.602941257
O14_356,S-ph,S-ph,-2.181003647,-1.291077336
O15_356,S-ph,S-ph,-2.571562395,-0.940496534
O16_356,S-ph,S-ph,-1.557892114,-0.645941477
O17_356,S-ph,S-ph,-1.890948623,-1.171495507
O18_356,S-ph,S-ph,-1.996243846,-0.524147433
O19_356,S-ph,S-ph,-1.662978021,-1.438257472
O20_356,S-ph,S-ph,-1.234238919,-1.332532841
O21_356,S-ph,S-ph,-1.432806352,-1.296266206
O22_356,S-ph,S-ph,-2.415449181,-0.519186157
O23_356,S-ph,S-ph,-2.106572805,-0.469212791
O24_356,S-ph,S-ph,-1.784917276,-0.521685777
A1_357,S-ph,S-ph,-2.339763795,-2.766669464
A15_357,S-ph,S-ph,-2.276394046,-2.744787125
B18_357,S-ph,S-ph,-2.546172368,-2.205291831
C6_357,S-ph,S-ph,-2.495465269,-2.578562526
C9_357,S-ph,S-ph,-2.519371208,-2.367394395
E7_357,S-ph,S-ph,-2.567635348,-2.45827993
E9_357,S-ph,S-ph,-1.785527082,-1.716789216
E11_357,S-ph,S-ph,-2.174025294,-2.715447898
F8_357,S-ph,S-ph,-2.715718933,-1.731147302
H1_357,S-ph,S-ph,-2.144471999,-1.898348108
H8_357,S-ph,S-ph,-2.300005628,-1.84086159
H15_357,S-ph,S-ph,-2.562559707,-2.801545149
I10_357,S-ph,S-ph,-2.861112058,-1.916100967
I14_357,S-ph,S-ph,-1.771790001,-2.630244428
I16_357,S-ph,S-ph,-2.870077686,-2.0301562
I19_357,S-ph,S-ph,-2.228756426,-2.62590013
I21_357,S-ph,S-ph,-2.855206327,-2.035359509
J4_357,S-ph,S-ph,-1.780637551,-2.761401557
K8_357,S-ph,S-ph,-2.228793342,-1.765705536
L8_357,S-ph,S-ph,-2.0345217,-1.795861438
L16_357,S-ph,S-ph,-2.671608654,-1.796423545
L22_357,S-ph,S-ph,-1.42640281,-2.814030336
L24_357,S-ph,S-ph,-2.02473968,-1.759856627
M6_357,S-ph,S-ph,-2.858171637,-1.260320877
M11_357,S-ph,S-ph,-1.767617793,-2.79518459
M12_357,S-ph,S-ph,-1.535366279,-2.697821951
M13_357,S-ph,S-ph,-1.614084668,-1.144213231
M20_357,S-ph,S-ph,-2.40699153,-1.508293841
O1_357,S-ph,S-ph,-2.08174358,-1.807898353
O2_357,S-ph,S-ph,-2.560276625,-1.18641531
O3_357,S-ph,S-ph,-1.90478481,-1.326067742
O4_357,S-ph,S-ph,-1.860825779,-2.085130579
O5_357,S-ph,S-ph,-1.687432268,-1.964696348
O6_357,S-ph,S-ph,-1.966519097,-1.341290685
O7_357,S-ph,S-ph,-2.622172001,-1.328926507
O8_357,S-ph,S-ph,-1.474804485,-2.12798361
O9_357,S-ph,S-ph,-1.227978296,-1.73108367
O10_357,S-ph,S-ph,-1.695815318,-0.856461549
O11_357,S-ph,S-ph,-2.312929219,-1.055907734
O12_357,S-ph,S-ph,-1.492330378,-0.900943313
O13_357,S-ph,S-ph,-1.805850595,-0.994334649
O14_357,S-ph,S-ph,-1.624655166,-1.091407092
O15_357,S-ph,S-ph,-2.453673039,-1.216332478
O16_357,S-ph,S-ph,-1.855028953,-0.811364399
O17_357,S-ph,S-ph,-1.934255431,-1.339910268
O18_357,S-ph,S-ph,-1.404129878,-1.422280775
O19_357,S-ph,S-ph,-2.156415518,-0.572787281
O20_357,S-ph,S-ph,-1.273138182,-0.676660337
O21_357,S-ph,S-ph,-2.072649263,-0.904938838
O22_357,S-ph,S-ph,-1.649190648,-0.537090238
O23_357,S-ph,S-ph,-1.980202781,-0.541389637
O24_357,S-ph,S-ph,-1.885716291,-0.608945892
A2_355,,G1,-3.963305238,-1.889895169
A11_355,,G1,-3.599997422,-1.696603931
A24_355,,G1,-3.692349621,-2.378288859
B12_355,,G1,-3.692763395,-1.665461912
B22_355,,G1,-3.566754767,-2.425667551
C1_355,,G1,-3.511835299,-1.285419949
D3_355,,G1,-3.004002355,-3.766193609
E2_355,,G1,-3.629012957,-1.650507688
E5_355,,G1,-3.100574751,-3.578329283
E17_355,,G1,-3.627316804,-2.566730926
E23_355,,G1,-3.701861147,-2.946255707
E24_355,,G1,-3.525105101,-1.660827046
F16_355,,G1,-3.676281175,-1.505135742
G12_355,,G1,-3.332964777,-1.667371778
I7_355,,G1,-3.532354243,-1.537794739
J1_355,,G1,-3.240654734,-1.200235116
J24_355,,G1,-3.268234441,-2.0958559
K19_355,,G1,-3.08979306,-1.874684388
A2_356,,G1,-5.184173564,-3.710198759
A11_356,,G1,-4.451057844,-3.295740317
D3_356,,G1,-4.475425406,-2.969085889
E24_356,,G1,-3.921888695,-2.290580462
F16_356,,G1,-4.073110157,-3.688849751
G4_356,,G1,-3.436919285,-1.925800069
I9_356,,G1,-4.008427697,-2.40948122
J1_356,,G1,-4.024323723,-2.477499453
A24_357,,G1,-4.78490245,-2.739053888
B12_357,,G1,-3.314827655,-2.252564098
D15_357,,G1,-3.973655125,-2.637402104
E17_357,,G1,-4.464693184,-3.184469453
E23_357,,G1,-4.109742178,-2.469604244
G19_357,,G1,-4.007457583,-2.396604626
H5_357,,G1,-3.954525367,-1.938372934
I9_357,,G1,-3.958101791,-1.864092175
K16_357,,G1,-3.970750866,-2.64700054
D15_355,,G2M,-2.340895202,-3.297179339
H5_355,,G2M,-1.720432983,-4.849855332
I9_355,,G2M,-2.459098599,-3.057974534
A24_356,,G2M,-1.928601391,-4.325320639
B12_356,,G2M,-2.58795992,-3.747489492
B22_356,,G2M,-2.45671136,-4.379218469
C1_356,,G2M,-2.438371542,-3.772340046
D15_356,,G2M,-2.305903177,-3.930545777
E17_356,,G2M,-2.023248972,-3.698855701
G12_356,,G2M,-2.518279536,-4.192361128
G19_356,,G2M,-2.257752212,-3.300137633
A2_357,,G2M,-2.281288762,-3.699407855
B22_357,,G2M,-2.174387711,-4.7114951
D3_357,,G2M,-2.414228755,-4.687560172
E5_357,,G2M,-2.198543248,-4.242750078
F16_357,,G2M,-2.577411804,-4.415918857
G4_357,,G2M,-1.689790487,-3.853540037
G12_357,,G2M,-2.114847105,-4.069106678
G4_355,,S-ph,-1.976218033,-1.24677332
G19_355,,S-ph,-2.231678662,-1.402124969
K16_355,,S-ph,-2.078804985,-2.943988875
E2_356,,S-ph,-2.983024117,-2.278418341
E5_356,,S-ph,-2.272996567,-1.706093071
E23_356,,S-ph,-2.140938876,-2.753380951
H5_356,,S-ph,-2.390228362,-2.463511911
I7_356,,S-ph,-2.789976446,-1.969030633
J24_356,,S-ph,-2.665418514,-1.981747564
K16_356,,S-ph,-2.754024619,-1.71174552
K19_356,,S-ph,-2.401447674,-1.709758388
A11_357,,S-ph,-2.371079214,-2.510119887
C1_357,,S-ph,-2.588903387,-2.161705827
E2_357,,S-ph,-2.503476745,-2.048038408
E24_357,,S-ph,-2.712284431,-2.294429915
I7_357,,S-ph,-2.031443993,-1.762038569
J1_357,,S-ph,-2.493832366,-1.454920733
J24_357,,S-ph,-2.372167579,-1.69188736
K19_357,,S-ph,-1.987598345,-2.240238582
P23_355,,,,
P24_355,,,,
P23_356,,,,
P24_356,,,,
P23_357,,,,
P24_357,,,,
