,well_plate,wp_ab_state_pass
0,A01_55185977,True
1,B01_55185977,True
2,C01_55185977,True
3,D01_55185977,True
4,E01_55185977,True
5,F01_55185977,True
6,G01_55185977,True
7,H01_55185977,True
8,A02_55185977,True
9,B02_55185977,True
10,C02_55185977,True
11,D02_55185977,True
12,E02_55185977,True
13,F02_55185977,True
14,G02_55185977,True
15,H02_55185977,True
16,A03_55185977,True
17,B03_55185977,True
18,C03_55185977,True
19,D03_55185977,True
20,E03_55185977,True
21,F03_55185977,True
22,G03_55185977,True
23,H03_55185977,True
24,A04_55185977,True
25,B04_55185977,True
26,C04_55185977,True
27,D04_55185977,True
28,E04_55185977,True
29,F04_55185977,True
30,G04_55185977,True
31,H04_55185977,True
32,A05_55185977,True
33,B05_55185977,True
34,C05_55185977,True
35,D05_55185977,True
36,E05_55185977,True
37,F05_55185977,True
38,G05_55185977,True
39,H05_55185977,True
40,A06_55185977,True
41,B06_55185977,True
42,C06_55185977,True
43,D06_55185977,True
44,E06_55185977,True
45,F06_55185977,True
46,G06_55185977,True
47,H06_55185977,True
48,A07_55185977,True
49,B07_55185977,True
50,C07_55185977,True
51,D07_55185977,True
52,E07_55185977,True
53,F07_55185977,True
54,G07_55185977,True
55,H07_55185977,True
56,A08_55185977,True
57,B08_55185977,True
58,C08_55185977,True
59,D08_55185977,True
60,E08_55185977,True
61,F08_55185977,True
62,G08_55185977,True
63,H08_55185977,True
64,A09_55185977,True
65,B09_55185977,True
66,C09_55185977,True
67,D09_55185977,True
68,E09_55185977,True
69,F09_55185977,True
70,G09_55185977,True
71,H09_55185977,True
72,A10_55185977,True
73,B10_55185977,True
74,C10_55185977,True
75,D10_55185977,True
76,E10_55185977,True
77,F10_55185977,True
78,G10_55185977,True
79,H10_55185977,True
80,A11_55185977,True
81,B11_55185977,True
82,C11_55185977,True
83,D11_55185977,True
84,E11_55185977,True
85,F11_55185977,True
86,G11_55185977,True
87,H11_55185977,True
88,A12_55185977,True
89,B12_55185977,True
90,C12_55185977,True
91,D12_55185977,True
92,E12_55185977,True
93,F12_55185977,True
94,G12_55185977,True
95,A01_55195978,True
96,B01_55195978,True
97,C01_55195978,True
98,D01_55195978,True
99,E01_55195978,True
100,F01_55195978,True
101,G01_55195978,True
102,H01_55195978,True
103,A02_55195978,True
104,B02_55195978,True
105,C02_55195978,True
106,D02_55195978,True
107,E02_55195978,True
108,F02_55195978,True
109,G02_55195978,True
110,H02_55195978,True
111,A03_55195978,True
112,B03_55195978,True
113,C03_55195978,True
114,D03_55195978,True
115,E03_55195978,True
116,F03_55195978,True
117,G03_55195978,True
118,H03_55195978,True
119,A04_55195978,True
120,B04_55195978,True
121,C04_55195978,True
122,D04_55195978,True
123,E04_55195978,True
124,F04_55195978,True
125,G04_55195978,True
126,H04_55195978,True
127,A05_55195978,True
128,B05_55195978,True
129,C05_55195978,True
130,D05_55195978,True
131,E05_55195978,True
132,F05_55195978,True
133,G05_55195978,True
134,H05_55195978,True
135,A06_55195978,True
136,B06_55195978,True
137,C06_55195978,True
138,D06_55195978,True
139,E06_55195978,True
140,F06_55195978,True
141,G06_55195978,True
142,H06_55195978,True
143,A07_55195978,True
144,B07_55195978,True
145,C07_55195978,True
146,D07_55195978,True
147,E07_55195978,True
148,F07_55195978,True
149,G07_55195978,True
150,H07_55195978,True
151,A08_55195978,True
152,B08_55195978,True
153,C08_55195978,True
154,D08_55195978,True
155,E08_55195978,True
156,F08_55195978,True
157,G08_55195978,True
158,H08_55195978,True
159,A09_55195978,True
160,B09_55195978,True
161,C09_55195978,True
162,D09_55195978,True
163,E09_55195978,True
164,F09_55195978,True
165,G09_55195978,True
166,H09_55195978,True
167,A10_55195978,True
168,B10_55195978,True
169,C10_55195978,True
170,D10_55195978,True
171,E10_55195978,True
172,F10_55195978,True
173,G10_55195978,True
174,H10_55195978,True
175,A11_55195978,True
176,B11_55195978,True
177,C11_55195978,True
178,D11_55195978,True
179,E11_55195978,True
180,F11_55195978,True
181,G11_55195978,True
182,H11_55195978,True
183,A12_55195978,True
184,B12_55195978,True
185,C12_55195978,True
186,D12_55195978,True
187,E12_55195978,True
188,F12_55195978,True
189,G12_55195978,True
190,A01_55235979,True
191,B01_55235979,True
192,C01_55235979,True
193,D01_55235979,True
194,E01_55235979,True
195,F01_55235979,True
196,G01_55235979,True
197,H01_55235979,True
198,A02_55235979,True
199,B02_55235979,True
200,C02_55235979,True
201,D02_55235979,True
202,E02_55235979,True
203,F02_55235979,True
204,G02_55235979,True
205,H02_55235979,True
206,A03_55235979,True
207,B03_55235979,True
208,C03_55235979,True
209,D03_55235979,True
210,E03_55235979,True
211,F03_55235979,True
212,G03_55235979,True
213,H03_55235979,True
214,A04_55235979,True
215,B04_55235979,True
216,C04_55235979,True
217,D04_55235979,True
218,E04_55235979,True
219,F04_55235979,True
220,G04_55235979,True
221,H04_55235979,True
222,A05_55235979,True
223,B05_55235979,True
224,C05_55235979,True
225,D05_55235979,True
226,E05_55235979,True
227,F05_55235979,True
228,G05_55235979,True
229,H05_55235979,True
230,A06_55235979,True
231,B06_55235979,True
232,C06_55235979,True
233,D06_55235979,True
234,E06_55235979,True
235,F06_55235979,True
236,G06_55235979,True
237,H06_55235979,True
238,A07_55235979,True
239,B07_55235979,True
240,C07_55235979,True
241,D07_55235979,True
242,E07_55235979,True
243,F07_55235979,True
244,G07_55235979,True
245,H07_55235979,True
246,A08_55235979,True
247,B08_55235979,True
248,C08_55235979,True
249,D08_55235979,True
250,E08_55235979,True
251,F08_55235979,True
252,G08_55235979,True
253,H08_55235979,True
254,A09_55235979,True
255,B09_55235979,True
256,C09_55235979,True
257,D09_55235979,True
258,E09_55235979,True
259,F09_55235979,True
260,G09_55235979,True
261,H09_55235979,True
262,A10_55235979,True
263,B10_55235979,True
264,C10_55235979,True
265,D10_55235979,True
266,E10_55235979,True
267,F10_55235979,True
268,G10_55235979,True
269,H10_55235979,True
270,A11_55235979,True
271,B11_55235979,True
272,C11_55235979,True
273,D11_55235979,True
274,E11_55235979,True
275,F11_55235979,True
276,G11_55235979,True
277,H11_55235979,True
278,A12_55235979,True
279,B12_55235979,True
280,C12_55235979,True
281,D12_55235979,True
282,E12_55235979,True
283,F12_55235979,True
284,G12_55235979,True
285,A01_55205980,True
286,B01_55205980,True
287,C01_55205980,True
288,D01_55205980,True
289,E01_55205980,True
290,F01_55205980,True
291,G01_55205980,True
292,H01_55205980,True
293,A02_55205980,True
294,B02_55205980,True
295,C02_55205980,True
296,D02_55205980,True
297,E02_55205980,True
298,F02_55205980,True
299,G02_55205980,True
300,H02_55205980,True
301,A03_55205980,True
302,B03_55205980,True
303,C03_55205980,True
304,D03_55205980,True
305,E03_55205980,True
306,F03_55205980,True
307,G03_55205980,True
308,H03_55205980,True
309,A04_55205980,True
310,B04_55205980,True
311,C04_55205980,True
312,D04_55205980,True
313,E04_55205980,True
314,F04_55205980,True
315,G04_55205980,True
316,H04_55205980,True
317,A05_55205980,True
318,B05_55205980,True
319,C05_55205980,True
320,D05_55205980,True
321,E05_55205980,True
322,F05_55205980,True
323,G05_55205980,True
324,H05_55205980,True
325,A06_55205980,True
326,B06_55205980,True
327,C06_55205980,True
328,D06_55205980,True
329,E06_55205980,True
330,F06_55205980,True
331,G06_55205980,True
332,H06_55205980,True
333,A07_55205980,True
334,B07_55205980,True
335,C07_55205980,True
336,D07_55205980,True
337,E07_55205980,True
338,F07_55205980,True
339,G07_55205980,True
340,H07_55205980,True
341,A08_55205980,True
342,B08_55205980,True
343,C08_55205980,True
344,D08_55205980,True
345,E08_55205980,True
346,F08_55205980,True
347,G08_55205980,True
348,H08_55205980,True
349,A09_55205980,True
350,B09_55205980,True
351,C09_55205980,True
352,D09_55205980,True
353,E09_55205980,True
354,F09_55205980,True
355,G09_55205980,True
356,H09_55205980,True
357,A10_55205980,True
358,B10_55205980,True
359,C10_55205980,True
360,D10_55205980,True
361,E10_55205980,True
362,F10_55205980,True
363,G10_55205980,True
364,H10_55205980,True
365,A11_55205980,True
366,B11_55205980,True
367,C11_55205980,True
368,D11_55205980,True
369,E11_55205980,True
370,F11_55205980,True
371,G11_55205980,True
372,H11_55205980,True
373,A12_55205980,True
374,B12_55205980,True
375,C12_55205980,True
376,D12_55205980,True
377,E12_55205980,True
378,F12_55205980,True
379,G12_55205980,True
380,A01_55245981,True
381,B01_55245981,True
382,C01_55245981,True
383,D01_55245981,True
384,E01_55245981,True
385,F01_55245981,True
386,G01_55245981,True
387,H01_55245981,True
388,A02_55245981,True
389,B02_55245981,True
390,C02_55245981,True
391,D02_55245981,True
392,E02_55245981,True
393,F02_55245981,True
394,G02_55245981,True
395,H02_55245981,True
396,A03_55245981,True
397,B03_55245981,True
398,C03_55245981,True
399,D03_55245981,True
400,E03_55245981,True
401,F03_55245981,True
402,G03_55245981,True
403,H03_55245981,True
404,A04_55245981,True
405,B04_55245981,True
406,C04_55245981,True
407,D04_55245981,True
408,E04_55245981,True
409,F04_55245981,True
410,G04_55245981,True
411,H04_55245981,True
412,A05_55245981,True
413,B05_55245981,True
414,C05_55245981,True
415,D05_55245981,True
416,E05_55245981,True
417,F05_55245981,True
418,G05_55245981,True
419,H05_55245981,True
420,A06_55245981,True
421,B06_55245981,True
422,C06_55245981,True
423,D06_55245981,True
424,E06_55245981,True
425,F06_55245981,True
426,G06_55245981,True
427,H06_55245981,True
428,A07_55245981,True
429,B07_55245981,True
430,C07_55245981,True
431,D07_55245981,True
432,E07_55245981,True
433,F07_55245981,True
434,G07_55245981,True
435,H07_55245981,True
436,A08_55245981,True
437,B08_55245981,True
438,C08_55245981,True
439,D08_55245981,True
440,E08_55245981,True
441,F08_55245981,True
442,G08_55245981,True
443,H08_55245981,True
444,A09_55245981,True
445,B09_55245981,True
446,C09_55245981,True
447,D09_55245981,True
448,E09_55245981,True
449,F09_55245981,True
450,G09_55245981,True
451,H09_55245981,True
452,A10_55245981,True
453,B10_55245981,True
454,C10_55245981,True
455,D10_55245981,True
456,E10_55245981,True
457,F10_55245981,True
458,G10_55245981,True
459,H10_55245981,True
460,A11_55245981,True
461,B11_55245981,True
462,C11_55245981,True
463,D11_55245981,True
464,E11_55245981,True
465,F11_55245981,True
466,G11_55245981,True
467,H11_55245981,True
468,A12_55245981,True
469,B12_55245981,True
470,C12_55245981,True
471,D12_55245981,True
472,E12_55245981,True
473,F12_55245981,True
474,G12_55245981,True
475,A01_55215982,True
476,B01_55215982,True
477,C01_55215982,True
478,D01_55215982,True
479,E01_55215982,True
480,F01_55215982,True
481,G01_55215982,True
482,H01_55215982,True
483,A02_55215982,True
484,B02_55215982,True
485,C02_55215982,True
486,D02_55215982,True
487,E02_55215982,True
488,F02_55215982,True
489,G02_55215982,True
490,H02_55215982,True
491,A03_55215982,True
492,B03_55215982,True
493,C03_55215982,True
494,D03_55215982,True
495,E03_55215982,True
496,F03_55215982,True
497,G03_55215982,True
498,H03_55215982,True
499,A04_55215982,True
500,B04_55215982,True
501,C04_55215982,True
502,D04_55215982,True
503,E04_55215982,True
504,F04_55215982,True
505,G04_55215982,True
506,H04_55215982,True
507,A05_55215982,True
508,B05_55215982,True
509,C05_55215982,True
510,D05_55215982,True
511,E05_55215982,True
512,F05_55215982,True
513,G05_55215982,True
514,H05_55215982,True
515,A06_55215982,True
516,B06_55215982,True
517,C06_55215982,True
518,D06_55215982,True
519,E06_55215982,True
520,F06_55215982,True
521,G06_55215982,True
522,H06_55215982,True
523,A07_55215982,True
524,B07_55215982,True
525,C07_55215982,True
526,D07_55215982,True
527,E07_55215982,True
528,F07_55215982,True
529,G07_55215982,True
530,H07_55215982,True
531,A08_55215982,True
532,B08_55215982,True
533,C08_55215982,True
534,D08_55215982,True
535,E08_55215982,True
536,F08_55215982,True
537,G08_55215982,True
538,H08_55215982,True
539,A09_55215982,True
540,B09_55215982,True
541,C09_55215982,True
542,D09_55215982,True
543,E09_55215982,True
544,F09_55215982,True
545,G09_55215982,True
546,H09_55215982,True
547,A10_55215982,True
548,B10_55215982,True
549,C10_55215982,True
550,D10_55215982,True
551,E10_55215982,True
552,F10_55215982,True
553,G10_55215982,True
554,H10_55215982,True
555,A11_55215982,True
556,B11_55215982,True
557,C11_55215982,True
558,D11_55215982,True
559,E11_55215982,True
560,F11_55215982,True
561,G11_55215982,True
562,H11_55215982,True
563,A12_55215982,True
564,B12_55215982,True
565,C12_55215982,True
566,D12_55215982,True
567,E12_55215982,True
568,F12_55215982,True
569,G12_55215982,True
570,A01_55225983,True
571,B01_55225983,True
572,C01_55225983,True
573,D01_55225983,True
574,E01_55225983,True
575,F01_55225983,True
576,G01_55225983,True
577,H01_55225983,True
578,A02_55225983,True
579,B02_55225983,True
580,C02_55225983,True
581,D02_55225983,True
582,E02_55225983,True
583,F02_55225983,True
584,G02_55225983,True
585,H02_55225983,True
586,A03_55225983,True
587,B03_55225983,True
588,C03_55225983,True
589,D03_55225983,True
590,E03_55225983,True
591,F03_55225983,True
592,G03_55225983,True
593,H03_55225983,True
594,A04_55225983,True
595,B04_55225983,True
596,C04_55225983,True
597,D04_55225983,True
598,E04_55225983,True
599,F04_55225983,True
600,G04_55225983,True
601,H04_55225983,True
602,A05_55225983,True
603,B05_55225983,True
604,C05_55225983,True
605,D05_55225983,True
606,E05_55225983,True
607,F05_55225983,True
608,G05_55225983,True
609,H05_55225983,True
610,A06_55225983,True
611,B06_55225983,True
612,C06_55225983,True
613,D06_55225983,True
614,E06_55225983,True
615,F06_55225983,True
616,G06_55225983,True
617,H06_55225983,True
618,A07_55225983,True
619,B07_55225983,True
620,C07_55225983,True
621,D07_55225983,True
622,E07_55225983,True
623,F07_55225983,True
624,G07_55225983,True
625,H07_55225983,True
626,A08_55225983,True
627,B08_55225983,True
628,C08_55225983,True
629,D08_55225983,True
630,E08_55225983,True
631,F08_55225983,True
632,G08_55225983,True
633,H08_55225983,True
634,A09_55225983,True
635,B09_55225983,True
636,C09_55225983,True
637,D09_55225983,True
638,E09_55225983,True
639,F09_55225983,True
640,G09_55225983,True
641,H09_55225983,True
642,A10_55225983,True
643,B10_55225983,True
644,C10_55225983,True
645,D10_55225983,True
646,E10_55225983,True
647,F10_55225983,True
648,G10_55225983,True
649,H10_55225983,True
650,A11_55225983,True
651,B11_55225983,True
652,C11_55225983,True
653,D11_55225983,True
654,E11_55225983,True
655,F11_55225983,True
656,G11_55225983,True
657,H11_55225983,True
658,A12_55225983,True
659,B12_55225983,True
660,C12_55225983,True
661,D12_55225983,True
662,E12_55225983,True
663,F12_55225983,True
664,G12_55225983,True
665,A01_55335984,True
666,B01_55335984,True
667,C01_55335984,True
668,D01_55335984,True
669,E01_55335984,True
670,F01_55335984,True
671,G01_55335984,True
672,H01_55335984,True
673,A02_55335984,True
674,B02_55335984,True
675,C02_55335984,True
676,D02_55335984,True
677,E02_55335984,True
678,F02_55335984,True
679,G02_55335984,True
680,H02_55335984,True
681,A03_55335984,True
682,B03_55335984,True
683,C03_55335984,True
684,D03_55335984,True
685,E03_55335984,True
686,F03_55335984,True
687,G03_55335984,True
688,H03_55335984,True
689,A04_55335984,True
690,B04_55335984,True
691,C04_55335984,True
692,D04_55335984,True
693,E04_55335984,True
694,F04_55335984,True
695,G04_55335984,True
696,H04_55335984,True
697,A05_55335984,True
698,B05_55335984,True
699,C05_55335984,True
700,D05_55335984,True
701,E05_55335984,True
702,F05_55335984,True
703,G05_55335984,True
704,H05_55335984,True
705,A06_55335984,True
706,B06_55335984,True
707,C06_55335984,True
708,D06_55335984,True
709,E06_55335984,True
710,F06_55335984,True
711,G06_55335984,True
712,H06_55335984,True
713,A07_55335984,True
714,B07_55335984,True
715,C07_55335984,True
716,D07_55335984,True
717,E07_55335984,True
718,F07_55335984,True
719,G07_55335984,True
720,H07_55335984,True
721,A08_55335984,True
722,B08_55335984,True
723,C08_55335984,True
724,D08_55335984,True
725,E08_55335984,True
726,F08_55335984,True
727,G08_55335984,True
728,H08_55335984,True
729,A09_55335984,True
730,B09_55335984,True
731,C09_55335984,True
732,D09_55335984,True
733,E09_55335984,True
734,F09_55335984,True
735,G09_55335984,True
736,H09_55335984,True
737,A10_55335984,True
738,B10_55335984,True
739,C10_55335984,True
740,D10_55335984,True
741,E10_55335984,True
742,F10_55335984,True
743,G10_55335984,True
744,H10_55335984,True
745,A11_55335984,True
746,B11_55335984,True
747,C11_55335984,True
748,D11_55335984,True
749,E11_55335984,True
750,F11_55335984,True
751,G11_55335984,True
752,H11_55335984,True
753,A12_55335984,True
754,B12_55335984,True
755,C12_55335984,True
756,D12_55335984,True
757,E12_55335984,True
758,F12_55335984,True
759,G12_55335984,True
760,A01_55345985,True
761,B01_55345985,True
762,C01_55345985,True
763,D01_55345985,True
764,E01_55345985,True
765,F01_55345985,True
766,G01_55345985,True
767,H01_55345985,True
768,A02_55345985,True
769,B02_55345985,True
770,C02_55345985,True
771,D02_55345985,True
772,E02_55345985,True
773,F02_55345985,True
774,G02_55345985,True
775,H02_55345985,True
776,A03_55345985,True
777,B03_55345985,True
778,C03_55345985,True
779,D03_55345985,True
780,E03_55345985,True
781,F03_55345985,True
782,G03_55345985,True
783,H03_55345985,True
784,A04_55345985,True
785,B04_55345985,True
786,C04_55345985,True
787,D04_55345985,True
788,E04_55345985,True
789,F04_55345985,True
790,G04_55345985,True
791,H04_55345985,True
792,A05_55345985,True
793,B05_55345985,True
794,C05_55345985,True
795,D05_55345985,True
796,E05_55345985,True
797,F05_55345985,True
798,G05_55345985,True
799,H05_55345985,True
800,A06_55345985,True
801,B06_55345985,True
802,C06_55345985,True
803,D06_55345985,True
804,E06_55345985,True
805,F06_55345985,True
806,G06_55345985,True
807,H06_55345985,True
808,A07_55345985,True
809,B07_55345985,True
810,C07_55345985,True
811,D07_55345985,True
812,E07_55345985,True
813,F07_55345985,True
814,G07_55345985,True
815,H07_55345985,True
816,A08_55345985,True
817,B08_55345985,True
818,C08_55345985,True
819,D08_55345985,True
820,E08_55345985,True
821,F08_55345985,True
822,G08_55345985,True
823,H08_55345985,True
824,A09_55345985,True
825,B09_55345985,True
826,C09_55345985,True
827,D09_55345985,True
828,E09_55345985,True
829,F09_55345985,True
830,G09_55345985,True
831,H09_55345985,True
832,A10_55345985,True
833,B10_55345985,True
834,C10_55345985,True
835,D10_55345985,True
836,E10_55345985,True
837,F10_55345985,True
838,G10_55345985,True
839,H10_55345985,True
840,A11_55345985,True
841,B11_55345985,True
842,C11_55345985,True
843,D11_55345985,True
844,E11_55345985,True
845,F11_55345985,True
846,G11_55345985,True
847,H11_55345985,True
848,A12_55345985,True
849,B12_55345985,True
850,C12_55345985,True
851,D12_55345985,True
852,E12_55345985,True
853,F12_55345985,True
854,G12_55345985,True
855,A01_55355986,True
856,B01_55355986,True
857,C01_55355986,True
858,D01_55355986,True
859,E01_55355986,True
860,F01_55355986,True
861,G01_55355986,True
862,H01_55355986,True
863,A02_55355986,True
864,B02_55355986,True
865,C02_55355986,True
866,D02_55355986,True
867,E02_55355986,True
868,F02_55355986,True
869,G02_55355986,True
870,H02_55355986,True
871,A03_55355986,True
872,B03_55355986,True
873,C03_55355986,True
874,D03_55355986,True
875,E03_55355986,True
876,F03_55355986,True
877,G03_55355986,True
878,H03_55355986,True
879,A04_55355986,True
880,B04_55355986,True
881,C04_55355986,True
882,D04_55355986,True
883,E04_55355986,True
884,F04_55355986,True
885,G04_55355986,True
886,H04_55355986,True
887,A05_55355986,True
888,B05_55355986,True
889,C05_55355986,True
890,D05_55355986,True
891,E05_55355986,True
892,F05_55355986,True
893,G05_55355986,True
894,H05_55355986,True
895,A06_55355986,True
896,B06_55355986,True
897,C06_55355986,True
898,D06_55355986,True
899,E06_55355986,True
900,F06_55355986,True
901,G06_55355986,True
902,H06_55355986,True
903,A07_55355986,True
904,B07_55355986,True
905,C07_55355986,True
906,D07_55355986,True
907,E07_55355986,True
908,F07_55355986,True
909,G07_55355986,True
910,H07_55355986,True
911,A08_55355986,True
912,B08_55355986,True
913,C08_55355986,True
914,D08_55355986,True
915,E08_55355986,True
916,F08_55355986,True
917,G08_55355986,True
918,H08_55355986,True
919,A09_55355986,True
920,B09_55355986,True
921,C09_55355986,True
922,D09_55355986,True
923,E09_55355986,True
924,F09_55355986,True
925,G09_55355986,True
926,H09_55355986,True
927,A10_55355986,True
928,B10_55355986,True
929,C10_55355986,True
930,D10_55355986,True
931,E10_55355986,True
932,F10_55355986,True
933,G10_55355986,True
934,H10_55355986,True
935,A11_55355986,True
936,B11_55355986,True
937,C11_55355986,True
938,D11_55355986,True
939,E11_55355986,True
940,F11_55355986,True
941,G11_55355986,True
942,H11_55355986,True
943,A12_55355986,True
944,B12_55355986,True
945,C12_55355986,True
946,D12_55355986,True
947,E12_55355986,True
948,F12_55355986,True
949,G12_55355986,True
950,A01_55365987,True
951,B01_55365987,True
952,C01_55365987,True
953,D01_55365987,True
954,E01_55365987,True
955,F01_55365987,True
956,G01_55365987,True
957,H01_55365987,True
958,A02_55365987,True
959,B02_55365987,True
960,C02_55365987,True
961,D02_55365987,True
962,E02_55365987,True
963,F02_55365987,True
964,G02_55365987,True
965,H02_55365987,True
966,A03_55365987,True
967,B03_55365987,True
968,C03_55365987,True
969,D03_55365987,True
970,E03_55365987,True
971,F03_55365987,True
972,G03_55365987,True
973,H03_55365987,True
974,A04_55365987,True
975,B04_55365987,True
976,C04_55365987,True
977,D04_55365987,True
978,E04_55365987,True
979,F04_55365987,True
980,G04_55365987,True
981,H04_55365987,True
982,A05_55365987,True
983,B05_55365987,True
984,C05_55365987,True
985,D05_55365987,True
986,E05_55365987,True
987,F05_55365987,True
988,G05_55365987,True
989,H05_55365987,True
990,A06_55365987,True
991,B06_55365987,True
992,C06_55365987,True
993,D06_55365987,True
994,E06_55365987,True
995,F06_55365987,True
996,G06_55365987,True
997,H06_55365987,True
998,A07_55365987,True
999,B07_55365987,True
1000,C07_55365987,True
1001,D07_55365987,True
1002,E07_55365987,True
1003,F07_55365987,True
1004,G07_55365987,True
1005,H07_55365987,True
1006,A08_55365987,True
1007,B08_55365987,True
1008,C08_55365987,True
1009,D08_55365987,True
1010,E08_55365987,True
1011,F08_55365987,True
1012,G08_55365987,True
1013,H08_55365987,True
1014,A09_55365987,True
1015,B09_55365987,True
1016,C09_55365987,True
1017,D09_55365987,True
1018,E09_55365987,True
1019,F09_55365987,True
1020,G09_55365987,True
1021,H09_55365987,True
1022,A10_55365987,True
1023,B10_55365987,True
1024,C10_55365987,True
1025,D10_55365987,True
1026,E10_55365987,True
1027,F10_55365987,True
1028,G10_55365987,True
1029,H10_55365987,True
1030,A11_55365987,True
1031,B11_55365987,True
1032,C11_55365987,True
1033,D11_55365987,True
1034,E11_55365987,True
1035,F11_55365987,True
1036,G11_55365987,True
1037,H11_55365987,True
1038,A12_55365987,True
1039,B12_55365987,True
1040,C12_55365987,True
1041,D12_55365987,True
1042,E12_55365987,True
1043,F12_55365987,True
1044,G12_55365987,True
1045,A01_55375988,True
1046,B01_55375988,True
1047,C01_55375988,True
1048,D01_55375988,True
1049,E01_55375988,True
1050,F01_55375988,True
1051,G01_55375988,True
1052,H01_55375988,True
1053,A02_55375988,True
1054,B02_55375988,True
1055,C02_55375988,True
1056,D02_55375988,True
1057,E02_55375988,True
1058,F02_55375988,True
1059,G02_55375988,True
1060,H02_55375988,True
1061,A03_55375988,True
1062,B03_55375988,True
1063,C03_55375988,True
1064,D03_55375988,True
1065,E03_55375988,True
1066,F03_55375988,True
1067,G03_55375988,True
1068,H03_55375988,True
1069,A04_55375988,True
1070,B04_55375988,True
1071,C04_55375988,True
1072,D04_55375988,True
1073,E04_55375988,True
1074,F04_55375988,True
1075,G04_55375988,True
1076,H04_55375988,True
1077,A05_55375988,True
1078,B05_55375988,True
1079,C05_55375988,True
1080,D05_55375988,True
1081,E05_55375988,True
1082,F05_55375988,True
1083,G05_55375988,True
1084,H05_55375988,True
1085,A06_55375988,True
1086,B06_55375988,True
1087,C06_55375988,True
1088,D06_55375988,True
1089,E06_55375988,True
1090,F06_55375988,True
1091,G06_55375988,True
1092,H06_55375988,True
1093,A07_55375988,True
1094,B07_55375988,True
1095,C07_55375988,True
1096,D07_55375988,True
1097,E07_55375988,True
1098,F07_55375988,True
1099,G07_55375988,True
1100,H07_55375988,True
1101,A08_55375988,True
1102,B08_55375988,True
1103,C08_55375988,True
1104,D08_55375988,True
1105,E08_55375988,True
1106,F08_55375988,True
1107,G08_55375988,True
1108,H08_55375988,True
1109,A09_55375988,True
1110,B09_55375988,True
1111,C09_55375988,True
1112,D09_55375988,True
1113,E09_55375988,True
1114,F09_55375988,True
1115,G09_55375988,True
1116,H09_55375988,True
1117,A10_55375988,True
1118,B10_55375988,True
1119,C10_55375988,True
1120,D10_55375988,True
1121,E10_55375988,True
1122,F10_55375988,True
1123,G10_55375988,True
1124,H10_55375988,True
1125,A11_55375988,True
1126,B11_55375988,True
1127,C11_55375988,True
1128,D11_55375988,True
1129,E11_55375988,True
1130,F11_55375988,True
1131,G11_55375988,True
1132,H11_55375988,True
1133,A12_55375988,True
1134,B12_55375988,True
1135,C12_55375988,True
1136,D12_55375988,True
1137,E12_55375988,True
1138,F12_55375988,True
1139,G12_55375988,True
1140,A01_55385989,True
1141,B01_55385989,True
1142,C01_55385989,True
1143,D01_55385989,True
1144,E01_55385989,True
1145,F01_55385989,True
1146,G01_55385989,True
1147,H01_55385989,True
1148,A02_55385989,True
1149,B02_55385989,True
1150,C02_55385989,True
1151,D02_55385989,True
1152,E02_55385989,True
1153,F02_55385989,True
1154,G02_55385989,True
1155,H02_55385989,True
1156,A03_55385989,True
1157,B03_55385989,True
1158,C03_55385989,True
1159,D03_55385989,True
1160,E03_55385989,True
1161,F03_55385989,True
1162,G03_55385989,True
1163,H03_55385989,True
1164,A04_55385989,True
1165,B04_55385989,True
1166,C04_55385989,True
1167,D04_55385989,True
1168,E04_55385989,True
1169,F04_55385989,True
1170,G04_55385989,True
1171,H04_55385989,True
1172,A05_55385989,True
1173,B05_55385989,True
1174,C05_55385989,True
1175,D05_55385989,True
1176,E05_55385989,True
1177,F05_55385989,True
1178,G05_55385989,True
1179,H05_55385989,True
1180,A06_55385989,True
1181,B06_55385989,True
1182,C06_55385989,True
1183,D06_55385989,True
1184,E06_55385989,True
1185,F06_55385989,True
1186,G06_55385989,True
1187,H06_55385989,True
1188,A07_55385989,True
1189,B07_55385989,True
1190,C07_55385989,True
1191,D07_55385989,True
1192,E07_55385989,True
1193,F07_55385989,True
1194,G07_55385989,True
1195,H07_55385989,True
1196,A08_55385989,True
1197,B08_55385989,True
1198,C08_55385989,True
1199,D08_55385989,True
1200,E08_55385989,True
1201,F08_55385989,True
1202,G08_55385989,True
1203,H08_55385989,True
1204,A09_55385989,True
1205,B09_55385989,True
1206,C09_55385989,True
1207,D09_55385989,True
1208,E09_55385989,True
1209,F09_55385989,True
1210,G09_55385989,True
1211,H09_55385989,True
1212,A10_55385989,True
1213,B10_55385989,True
1214,C10_55385989,True
1215,D10_55385989,True
1216,E10_55385989,True
1217,F10_55385989,True
1218,G10_55385989,True
1219,H10_55385989,True
1220,A11_55385989,True
1221,B11_55385989,True
1222,C11_55385989,True
1223,D11_55385989,True
1224,E11_55385989,True
1225,F11_55385989,True
1226,G11_55385989,True
1227,H11_55385989,True
1228,A12_55385989,True
1229,B12_55385989,True
1230,C12_55385989,True
1231,D12_55385989,True
1232,E12_55385989,True
1233,F12_55385989,True
1234,G12_55385989,True
1235,A01_55395990,True
1236,B01_55395990,True
1237,C01_55395990,True
1238,D01_55395990,True
1239,E01_55395990,True
1240,F01_55395990,True
1241,G01_55395990,True
1242,H01_55395990,True
1243,A02_55395990,True
1244,B02_55395990,True
1245,C02_55395990,True
1246,D02_55395990,True
1247,E02_55395990,True
1248,F02_55395990,True
1249,G02_55395990,True
1250,H02_55395990,True
1251,A03_55395990,True
1252,B03_55395990,True
1253,C03_55395990,True
1254,D03_55395990,True
1255,E03_55395990,True
1256,F03_55395990,True
1257,G03_55395990,True
1258,H03_55395990,True
1259,A04_55395990,True
1260,B04_55395990,True
1261,C04_55395990,True
1262,D04_55395990,True
1263,E04_55395990,True
1264,F04_55395990,True
1265,G04_55395990,True
1266,H04_55395990,True
1267,A05_55395990,True
1268,B05_55395990,True
1269,C05_55395990,True
1270,D05_55395990,True
1271,E05_55395990,True
1272,F05_55395990,True
1273,G05_55395990,True
1274,H05_55395990,True
1275,A06_55395990,True
1276,B06_55395990,True
1277,C06_55395990,True
1278,D06_55395990,True
1279,E06_55395990,True
1280,F06_55395990,True
1281,G06_55395990,True
1282,H06_55395990,True
1283,A07_55395990,True
1284,B07_55395990,True
1285,C07_55395990,True
1286,D07_55395990,True
1287,E07_55395990,True
1288,F07_55395990,True
1289,G07_55395990,True
1290,H07_55395990,True
1291,A08_55395990,True
1292,B08_55395990,True
1293,C08_55395990,True
1294,D08_55395990,True
1295,E08_55395990,True
1296,F08_55395990,True
1297,G08_55395990,True
1298,H08_55395990,True
1299,A09_55395990,True
1300,B09_55395990,True
1301,C09_55395990,True
1302,D09_55395990,True
1303,E09_55395990,True
1304,F09_55395990,True
1305,G09_55395990,True
1306,H09_55395990,True
1307,A10_55395990,True
1308,B10_55395990,True
1309,C10_55395990,True
1310,D10_55395990,True
1311,E10_55395990,True
1312,F10_55395990,True
1313,G10_55395990,True
1314,H10_55395990,True
1315,A11_55395990,True
1316,B11_55395990,True
1317,C11_55395990,True
1318,D11_55395990,True
1319,E11_55395990,True
1320,F11_55395990,True
1321,G11_55395990,True
1322,H11_55395990,True
1323,A12_55395990,True
1324,B12_55395990,True
1325,C12_55395990,True
1326,D12_55395990,True
1327,E12_55395990,True
1328,F12_55395990,True
1329,G12_55395990,True
1330,A01_55405991,True
1331,B01_55405991,True
1332,C01_55405991,True
1333,D01_55405991,True
1334,E01_55405991,True
1335,F01_55405991,True
1336,G01_55405991,True
1337,H01_55405991,True
1338,A02_55405991,True
1339,B02_55405991,True
1340,C02_55405991,True
1341,D02_55405991,True
1342,E02_55405991,True
1343,F02_55405991,True
1344,G02_55405991,True
1345,H02_55405991,True
1346,A03_55405991,True
1347,B03_55405991,True
1348,C03_55405991,True
1349,D03_55405991,True
1350,E03_55405991,True
1351,F03_55405991,True
1352,G03_55405991,True
1353,H03_55405991,True
1354,A04_55405991,True
1355,B04_55405991,True
1356,C04_55405991,True
1357,D04_55405991,True
1358,E04_55405991,True
1359,F04_55405991,True
1360,G04_55405991,True
1361,H04_55405991,True
1362,A05_55405991,True
1363,B05_55405991,True
1364,C05_55405991,True
1365,D05_55405991,True
1366,E05_55405991,True
1367,F05_55405991,True
1368,G05_55405991,True
1369,H05_55405991,True
1370,A06_55405991,True
1371,B06_55405991,True
1372,C06_55405991,True
1373,D06_55405991,True
1374,E06_55405991,True
1375,F06_55405991,True
1376,G06_55405991,True
1377,H06_55405991,True
1378,A07_55405991,True
1379,B07_55405991,True
1380,C07_55405991,True
1381,D07_55405991,True
1382,E07_55405991,True
1383,F07_55405991,True
1384,G07_55405991,True
1385,H07_55405991,True
1386,A08_55405991,True
1387,B08_55405991,True
1388,C08_55405991,True
1389,D08_55405991,True
1390,E08_55405991,True
1391,F08_55405991,True
1392,G08_55405991,True
1393,H08_55405991,True
1394,A09_55405991,True
1395,B09_55405991,True
1396,C09_55405991,True
1397,D09_55405991,True
1398,E09_55405991,True
1399,F09_55405991,True
1400,G09_55405991,True
1401,H09_55405991,True
1402,A10_55405991,True
1403,B10_55405991,True
1404,C10_55405991,True
1405,D10_55405991,True
1406,E10_55405991,True
1407,F10_55405991,True
1408,G10_55405991,True
1409,H10_55405991,True
1410,A11_55405991,True
1411,B11_55405991,True
1412,C11_55405991,True
1413,D11_55405991,True
1414,E11_55405991,True
1415,F11_55405991,True
1416,G11_55405991,True
1417,H11_55405991,True
1418,A12_55405991,True
1419,B12_55405991,True
1420,C12_55405991,True
1421,D12_55405991,True
1422,E12_55405991,True
1423,F12_55405991,True
1424,G12_55405991,True
1425,A01_75836284,True
1426,B01_75836284,True
1427,C01_75836284,True
1428,D01_75836284,True
1429,E01_75836284,True
1430,F01_75836284,True
1431,G01_75836284,True
1432,H01_75836284,True
1433,A02_75836284,True
1434,B02_75836284,True
1435,C02_75836284,True
1436,D02_75836284,True
1437,E02_75836284,True
1438,F02_75836284,True
1439,G02_75836284,True
1440,H02_75836284,True
1441,A03_75836284,True
1442,B03_75836284,True
1443,C03_75836284,True
1444,D03_75836284,True
1445,E03_75836284,True
1446,F03_75836284,True
1447,G03_75836284,True
1448,H03_75836284,True
1449,A04_75836284,True
1450,B04_75836284,True
1451,C04_75836284,True
1452,D04_75836284,True
1453,E04_75836284,True
1454,F04_75836284,True
1455,G04_75836284,True
1456,H04_75836284,True
1457,A05_75836284,True
1458,B05_75836284,True
1459,C05_75836284,True
1460,D05_75836284,True
1461,E05_75836284,True
1462,F05_75836284,True
1463,G05_75836284,True
1464,H05_75836284,True
1465,A06_75836284,True
1466,B06_75836284,True
1467,C06_75836284,True
1468,D06_75836284,True
1469,E06_75836284,True
1470,F06_75836284,True
1471,G06_75836284,True
1472,H06_75836284,True
1473,A07_75836284,True
1474,B07_75836284,True
1475,C07_75836284,True
1476,D07_75836284,True
1477,E07_75836284,True
1478,F07_75836284,True
1479,G07_75836284,True
1480,H07_75836284,True
1481,A08_75836284,True
1482,B08_75836284,True
1483,C08_75836284,True
1484,D08_75836284,True
1485,E08_75836284,True
1486,F08_75836284,True
1487,G08_75836284,True
1488,H08_75836284,True
1489,A09_75836284,True
1490,B09_75836284,True
1491,C09_75836284,True
1492,D09_75836284,True
1493,E09_75836284,True
1494,F09_75836284,True
1495,G09_75836284,True
1496,H09_75836284,True
1497,A10_75836284,True
1498,B10_75836284,True
1499,C10_75836284,True
1500,D10_75836284,True
1501,E10_75836284,True
1502,F10_75836284,True
1503,G10_75836284,True
1504,H10_75836284,True
1505,A11_75836284,True
1506,B11_75836284,True
1507,C11_75836284,True
1508,D11_75836284,True
1509,E11_75836284,True
1510,F11_75836284,True
1511,G11_75836284,True
1512,H11_75836284,True
1513,A12_75836284,True
1514,B12_75836284,True
1515,C12_75836284,True
1516,D12_75836284,True
1517,E12_75836284,True
1518,F12_75836284,True
1519,G12_75836284,True
1520,A01_75846286,True
1521,B01_75846286,True
1522,C01_75846286,True
1523,D01_75846286,True
1524,E01_75846286,True
1525,F01_75846286,True
1526,G01_75846286,True
1527,H01_75846286,True
1528,A02_75846286,True
1529,B02_75846286,True
1530,C02_75846286,True
1531,D02_75846286,True
1532,E02_75846286,True
1533,F02_75846286,True
1534,G02_75846286,True
1535,H02_75846286,True
1536,A03_75846286,True
1537,B03_75846286,True
1538,C03_75846286,True
1539,D03_75846286,True
1540,E03_75846286,True
1541,F03_75846286,True
1542,G03_75846286,True
1543,H03_75846286,True
1544,A04_75846286,True
1545,B04_75846286,True
1546,C04_75846286,True
1547,D04_75846286,True
1548,E04_75846286,True
1549,F04_75846286,True
1550,G04_75846286,True
1551,H04_75846286,True
1552,A05_75846286,True
1553,B05_75846286,True
1554,C05_75846286,True
1555,D05_75846286,True
1556,E05_75846286,True
1557,F05_75846286,True
1558,G05_75846286,True
1559,H05_75846286,True
1560,A06_75846286,True
1561,B06_75846286,True
1562,C06_75846286,True
1563,D06_75846286,True
1564,E06_75846286,True
1565,F06_75846286,True
1566,G06_75846286,True
1567,H06_75846286,True
1568,A07_75846286,True
1569,B07_75846286,True
1570,A01_6717,True
1571,B01_6717,True
1572,C01_6717,True
1573,D01_6717,True
1574,E01_6717,True
1575,F01_6717,True
1576,G01_6717,True
1577,H01_6717,True
1578,A02_6717,True
1579,B02_6717,True
1580,C02_6717,True
1581,D02_6717,True
1582,E02_6717,True
1583,F02_6717,True
1584,G02_6717,True
1585,H02_6717,True
1586,A03_6717,True
1587,B03_6717,True
1588,C03_6717,True
1589,D03_6717,True
1590,E03_6717,True
1591,F03_6717,True
1592,G03_6717,True
1593,H03_6717,True
1594,A04_6717,True
1595,B04_6717,True
1596,C04_6717,True
1597,D04_6717,True
1598,E04_6717,True
1599,F04_6717,True
1600,G04_6717,True
1601,H04_6717,True
1602,A05_6717,True
1603,B05_6717,True
1604,C05_6717,True
1605,D05_6717,True
1606,E05_6717,True
1607,F05_6717,True
1608,G05_6717,True
1609,H05_6717,True
1610,A06_6717,True
1611,B06_6717,True
1612,C06_6717,True
1613,D06_6717,True
1614,E06_6717,True
1615,F06_6717,True
1616,G06_6717,True
1617,H06_6717,True
1618,A07_6717,True
1619,B07_6717,True
1620,C07_6717,True
1621,D07_6717,True
1622,E07_6717,True
1623,F07_6717,True
1624,G07_6717,True
1625,H07_6717,True
1626,A08_6717,True
1627,B08_6717,True
1628,C08_6717,True
1629,D08_6717,True
1630,E08_6717,True
1631,F08_6717,True
1632,G08_6717,True
1633,H08_6717,True
1634,A09_6717,True
1635,B09_6717,True
1636,C09_6717,True
1637,D09_6717,True
1638,E09_6717,True
1639,F09_6717,True
1640,G09_6717,True
1641,H09_6717,True
1642,A10_6717,True
1643,B10_6717,True
1644,C10_6717,True
1645,D10_6717,True
1646,E10_6717,True
1647,F10_6717,True
1648,G10_6717,True
1649,H10_6717,True
1650,A11_6717,True
1651,B11_6717,True
1652,C11_6717,True
1653,D11_6717,True
1654,E11_6717,True
1655,F11_6717,True
1656,G11_6717,True
1657,H11_6717,True
1658,A12_6717,True
1659,B12_6717,True
1660,C12_6717,True
1661,D12_6717,True
1662,E12_6717,True
1663,F12_6717,True
1664,G12_6717,True
1665,A01_6718,True
1666,B01_6718,True
1667,C01_6718,True
1668,D01_6718,True
1669,E01_6718,True
1670,F01_6718,True
1671,G01_6718,True
1672,H01_6718,True
1673,A02_6718,True
1674,B02_6718,True
1675,C02_6718,True
1676,D02_6718,True
1677,E02_6718,True
1678,F02_6718,True
1679,G02_6718,True
1680,H02_6718,True
1681,A03_6718,True
1682,B03_6718,True
1683,C03_6718,True
1684,D03_6718,True
1685,E03_6718,True
1686,F03_6718,True
1687,G03_6718,True
1688,H03_6718,True
1689,A04_6718,True
1690,B04_6718,True
1691,C04_6718,True
1692,D04_6718,True
1693,E04_6718,True
1694,F04_6718,True
1695,G04_6718,True
1696,H04_6718,True
1697,A05_6718,True
1698,B05_6718,True
1699,C05_6718,True
1700,D05_6718,True
1701,E05_6718,True
1702,F05_6718,True
1703,G05_6718,True
1704,H05_6718,True
1705,A06_6718,True
1706,B06_6718,True
1707,C06_6718,True
1708,D06_6718,True
1709,E06_6718,True
1710,F06_6718,True
1711,G06_6718,True
1712,H06_6718,True
1713,A07_6718,True
1714,B07_6718,True
1715,C07_6718,True
1716,D07_6718,True
1717,E07_6718,True
1718,F07_6718,True
1719,G07_6718,True
1720,H07_6718,True
1721,A08_6718,True
1722,B08_6718,True
1723,C08_6718,True
1724,D08_6718,True
1725,E08_6718,True
1726,F08_6718,True
1727,G08_6718,True
1728,H08_6718,True
1729,A09_6718,True
1730,B09_6718,True
1731,C09_6718,True
1732,D09_6718,True
1733,E09_6718,True
1734,F09_6718,True
1735,G09_6718,True
1736,H09_6718,True
1737,A10_6718,True
1738,B10_6718,True
1739,C10_6718,True
1740,D10_6718,True
1741,E10_6718,True
1742,F10_6718,True
1743,G10_6718,True
1744,H10_6718,True
1745,A11_6718,True
1746,B11_6718,True
1747,C11_6718,True
1748,D11_6718,True
1749,E11_6718,True
1750,F11_6718,True
1751,G11_6718,True
1752,H11_6718,True
1753,A12_6718,True
1754,B12_6718,True
1755,C12_6718,True
1756,D12_6718,True
1757,E12_6718,True
1758,F12_6718,True
1759,G12_6718,True
1760,A01_6719,True
1761,B01_6719,True
1762,C01_6719,True
1763,D01_6719,True
1764,E01_6719,True
1765,F01_6719,True
1766,G01_6719,True
1767,H01_6719,True
1768,A02_6719,True
1769,B02_6719,True
1770,C02_6719,True
1771,D02_6719,True
1772,E02_6719,True
1773,F02_6719,True
1774,G02_6719,True
1775,H02_6719,True
1776,A03_6719,True
1777,B03_6719,True
1778,C03_6719,True
1779,D03_6719,True
1780,E03_6719,True
1781,F03_6719,True
1782,G03_6719,True
1783,H03_6719,True
1784,A04_6719,True
1785,B04_6719,True
1786,C04_6719,True
1787,D04_6719,True
1788,E04_6719,True
1789,F04_6719,True
1790,G04_6719,True
1791,H04_6719,True
1792,A05_6719,True
1793,B05_6719,True
1794,C05_6719,True
1795,D05_6719,True
1796,E05_6719,True
1797,F05_6719,True
1798,G05_6719,True
1799,H05_6719,True
1800,A06_6719,True
1801,B06_6719,True
1802,C06_6719,True
1803,D06_6719,True
1804,E06_6719,True
1805,F06_6719,True
1806,G06_6719,True
1807,H06_6719,True
1808,A07_6719,True
1809,B07_6719,True
1810,C07_6719,True
1811,D07_6719,True
1812,E07_6719,True
1813,F07_6719,True
1814,G07_6719,True
1815,H07_6719,True
1816,A08_6719,True
1817,B08_6719,True
1818,C08_6719,True
1819,D08_6719,True
1820,E08_6719,True
1821,F08_6719,True
1822,G08_6719,True
1823,H08_6719,True
1824,A09_6719,True
1825,B09_6719,True
1826,C09_6719,True
1827,D09_6719,True
1828,E09_6719,True
1829,F09_6719,True
1830,G09_6719,True
1831,H09_6719,True
1832,A10_6719,True
1833,B10_6719,True
1834,C10_6719,True
1835,D10_6719,True
1836,E10_6719,True
1837,F10_6719,True
1838,G10_6719,True
1839,H10_6719,True
1840,A11_6719,True
1841,B11_6719,True
1842,C11_6719,True
1843,D11_6719,True
1844,E11_6719,True
1845,F11_6719,True
1846,G11_6719,True
1847,H11_6719,True
1848,A12_6719,True
1849,B12_6719,True
1850,C12_6719,True
1851,D12_6719,True
1852,E12_6719,True
1853,F12_6719,True
1854,G12_6719,True
1855,A01_6720,True
1856,B01_6720,True
1857,C01_6720,True
1858,D01_6720,True
1859,E01_6720,True
1860,F01_6720,True
1861,G01_6720,True
1862,H01_6720,True
1863,A02_6720,True
1864,B02_6720,True
1865,C02_6720,True
1866,D02_6720,True
1867,E02_6720,True
1868,F02_6720,True
1869,G02_6720,True
1870,H02_6720,True
1871,A03_6720,True
1872,B03_6720,True
1873,C03_6720,True
1874,D03_6720,True
1875,E03_6720,True
1876,F03_6720,True
1877,G03_6720,True
1878,H03_6720,True
1879,A04_6720,True
1880,B04_6720,True
1881,C04_6720,True
1882,D04_6720,True
1883,E04_6720,True
1884,F04_6720,True
1885,G04_6720,True
1886,H04_6720,True
1887,A05_6720,True
1888,B05_6720,True
1889,C05_6720,True
1890,D05_6720,True
1891,E05_6720,True
1892,F05_6720,True
1893,G05_6720,True
1894,H05_6720,True
1895,A06_6720,True
1896,B06_6720,True
1897,C06_6720,True
1898,D06_6720,True
1899,E06_6720,True
1900,F06_6720,True
1901,G06_6720,True
1902,H06_6720,True
1903,A07_6720,True
1904,B07_6720,True
1905,C07_6720,True
1906,D07_6720,True
1907,E07_6720,True
1908,F07_6720,True
1909,G07_6720,True
1910,H07_6720,True
1911,A08_6720,True
1912,B08_6720,True
1913,C08_6720,True
1914,D08_6720,True
1915,E08_6720,True
1916,F08_6720,True
1917,G08_6720,True
1918,H08_6720,True
1919,A09_6720,True
1920,B09_6720,True
1921,C09_6720,True
1922,D09_6720,True
1923,E09_6720,True
1924,F09_6720,True
1925,G09_6720,True
1926,H09_6720,True
1927,A10_6720,True
1928,B10_6720,True
1929,C10_6720,True
1930,D10_6720,True
1931,E10_6720,True
1932,F10_6720,True
1933,G10_6720,True
1934,H10_6720,True
1935,A11_6720,True
1936,B11_6720,True
1937,C11_6720,True
1938,D11_6720,True
1939,E11_6720,True
1940,F11_6720,True
1941,G11_6720,True
1942,H11_6720,True
1943,A12_6720,True
1944,B12_6720,True
1945,C12_6720,True
1946,D12_6720,True
1947,E12_6720,True
1948,F12_6720,True
1949,G12_6720,True
1950,A01_6721,True
1951,B01_6721,True
1952,C01_6721,True
1953,D01_6721,True
1954,E01_6721,True
1955,F01_6721,True
1956,G01_6721,True
1957,H01_6721,True
1958,A02_6721,True
1959,B02_6721,True
1960,C02_6721,True
1961,D02_6721,True
1962,E02_6721,True
1963,F02_6721,True
1964,G02_6721,True
1965,H02_6721,True
1966,A03_6721,True
1967,B03_6721,True
1968,C03_6721,True
1969,D03_6721,True
1970,E03_6721,True
1971,F03_6721,True
1972,G03_6721,True
1973,H03_6721,True
1974,A04_6721,True
1975,B04_6721,True
1976,C04_6721,True
1977,D04_6721,True
1978,E04_6721,True
1979,F04_6721,True
1980,G04_6721,True
1981,H04_6721,True
1982,A05_6721,True
1983,B05_6721,True
1984,C05_6721,True
1985,D05_6721,True
1986,E05_6721,True
1987,F05_6721,True
1988,G05_6721,True
1989,H05_6721,True
1990,A06_6721,True
1991,B06_6721,True
1992,C06_6721,True
1993,D06_6721,True
1994,E06_6721,True
1995,F06_6721,True
1996,G06_6721,True
1997,H06_6721,True
1998,A07_6721,True
1999,B07_6721,True
2000,C07_6721,True
2001,D07_6721,True
2002,E07_6721,True
2003,F07_6721,True
2004,G07_6721,True
2005,H07_6721,True
2006,A08_6721,True
2007,B08_6721,True
2008,C08_6721,True
2009,D08_6721,True
2010,E08_6721,True
2011,F08_6721,True
2012,G08_6721,True
2013,H08_6721,True
2014,A09_6721,True
2015,B09_6721,True
2016,C09_6721,True
2017,D09_6721,True
2018,E09_6721,True
2019,F09_6721,True
2020,G09_6721,True
2021,H09_6721,True
2022,A10_6721,True
2023,B10_6721,True
2024,C10_6721,True
2025,D10_6721,True
2026,E10_6721,True
2027,F10_6721,True
2028,G10_6721,True
2029,H10_6721,True
2030,A11_6721,True
2031,B11_6721,True
2032,C11_6721,True
2033,D11_6721,True
2034,E11_6721,True
2035,F11_6721,True
2036,G11_6721,True
2037,H11_6721,True
2038,A12_6721,True
2039,B12_6721,True
2040,C12_6721,True
2041,D12_6721,True
2042,E12_6721,True
2043,F12_6721,True
2044,G12_6721,True
2045,A01_6722,True
2046,B01_6722,True
2047,C01_6722,True
2048,D01_6722,True
2049,E01_6722,True
2050,F01_6722,True
2051,G01_6722,True
2052,H01_6722,True
2053,A02_6722,True
2054,B02_6722,True
2055,C02_6722,True
2056,D02_6722,True
2057,E02_6722,True
2058,F02_6722,True
2059,G02_6722,True
2060,H02_6722,True
2061,A03_6722,True
2062,B03_6722,True
2063,C03_6722,True
2064,D03_6722,True
2065,E03_6722,True
2066,F03_6722,True
2067,G03_6722,True
2068,H03_6722,True
2069,A04_6722,True
2070,B04_6722,True
2071,C04_6722,True
2072,D04_6722,True
2073,E04_6722,True
2074,F04_6722,True
2075,G04_6722,True
2076,H04_6722,True
2077,A05_6722,True
2078,B05_6722,True
2079,C05_6722,True
2080,D05_6722,True
2081,E05_6722,True
2082,F05_6722,True
2083,G05_6722,True
2084,H05_6722,True
2085,A06_6722,True
2086,B06_6722,True
2087,C06_6722,True
2088,D06_6722,True
2089,E06_6722,True
2090,F06_6722,True
2091,G06_6722,True
2092,H06_6722,True
2093,A07_6722,True
2094,B07_6722,True
2095,C07_6722,True
2096,D07_6722,True
2097,E07_6722,True
2098,F07_6722,True
2099,G07_6722,True
2100,H07_6722,True
2101,A08_6722,True
2102,B08_6722,True
2103,C08_6722,True
2104,D08_6722,True
2105,E08_6722,True
2106,F08_6722,True
2107,G08_6722,True
2108,H08_6722,True
2109,A09_6722,True
2110,B09_6722,True
2111,C09_6722,True
2112,D09_6722,True
2113,E09_6722,True
2114,F09_6722,True
2115,G09_6722,True
2116,H09_6722,True
2117,A10_6722,True
2118,B10_6722,True
2119,C10_6722,True
2120,D10_6722,True
2121,E10_6722,True
2122,F10_6722,True
2123,G10_6722,True
2124,H10_6722,True
2125,A11_6722,True
2126,B11_6722,True
2127,C11_6722,True
2128,D11_6722,True
2129,E11_6722,True
2130,F11_6722,True
2131,G11_6722,True
2132,H11_6722,True
2133,A12_6722,True
2134,B12_6722,True
2135,C12_6722,True
2136,D12_6722,True
2137,E12_6722,True
2138,F12_6722,True
2139,G12_6722,True
2140,A01_6724,True
2141,B01_6724,True
2142,C01_6724,True
2143,D01_6724,True
2144,E01_6724,True
2145,F01_6724,True
2146,G01_6724,True
2147,H01_6724,True
2148,A02_6724,True
2149,B02_6724,True
2150,C02_6724,True
2151,D02_6724,True
2152,E02_6724,True
2153,F02_6724,True
2154,G02_6724,True
2155,H02_6724,True
2156,A03_6724,True
2157,B03_6724,True
2158,C03_6724,True
2159,D03_6724,True
2160,E03_6724,True
2161,F03_6724,True
2162,G03_6724,True
2163,H03_6724,True
2164,A04_6724,True
2165,B04_6724,True
2166,C04_6724,True
2167,D04_6724,True
2168,E04_6724,True
2169,F04_6724,True
2170,G04_6724,True
2171,H04_6724,True
2172,A05_6724,True
2173,B05_6724,True
2174,C05_6724,True
2175,D05_6724,True
2176,E05_6724,True
2177,F05_6724,True
2178,G05_6724,True
2179,H05_6724,True
2180,A06_6724,True
2181,B06_6724,True
2182,C06_6724,True
2183,D06_6724,True
2184,E06_6724,True
2185,F06_6724,True
2186,G06_6724,True
2187,H06_6724,True
2188,A07_6724,True
2189,B07_6724,True
2190,C07_6724,True
2191,D07_6724,True
2192,E07_6724,True
2193,F07_6724,True
2194,G07_6724,True
2195,H07_6724,True
2196,A08_6724,True
2197,B08_6724,True
2198,C08_6724,True
2199,D08_6724,True
2200,E08_6724,True
2201,F08_6724,True
2202,G08_6724,True
2203,H08_6724,True
2204,A09_6724,True
2205,B09_6724,True
2206,C09_6724,True
2207,D09_6724,True
2208,E09_6724,True
2209,F09_6724,True
2210,G09_6724,True
2211,H09_6724,True
2212,A10_6724,True
2213,B10_6724,True
2214,C10_6724,True
2215,D10_6724,True
2216,E10_6724,True
2217,F10_6724,True
2218,G10_6724,True
2219,H10_6724,True
2220,A11_6724,True
2221,B11_6724,True
2222,C11_6724,True
2223,D11_6724,True
2224,E11_6724,True
2225,F11_6724,True
2226,G11_6724,True
2227,H11_6724,True
2228,A12_6724,True
2229,B12_6724,True
2230,C12_6724,True
2231,D12_6724,True
2232,E12_6724,True
2233,F12_6724,True
2234,G12_6724,True
2235,A01_6725,True
2236,B01_6725,True
2237,C01_6725,True
2238,D01_6725,True
2239,E01_6725,True
2240,F01_6725,True
2241,G01_6725,True
2242,H01_6725,True
2243,A02_6725,True
2244,B02_6725,True
2245,C02_6725,True
2246,D02_6725,True
2247,E02_6725,True
2248,F02_6725,True
2249,G02_6725,True
2250,H02_6725,True
2251,A03_6725,True
2252,B03_6725,True
2253,C03_6725,True
2254,D03_6725,True
2255,E03_6725,True
2256,F03_6725,True
2257,G03_6725,True
2258,H03_6725,True
2259,A04_6725,True
2260,B04_6725,True
2261,C04_6725,True
2262,D04_6725,True
2263,E04_6725,True
2264,F04_6725,True
2265,G04_6725,True
2266,H04_6725,True
2267,A05_6725,True
2268,B05_6725,True
2269,C05_6725,True
2270,D05_6725,True
2271,E05_6725,True
2272,F05_6725,True
2273,G05_6725,True
2274,H05_6725,True
2275,A06_6725,True
2276,B06_6725,True
2277,C06_6725,True
2278,D06_6725,True
2279,E06_6725,True
2280,F06_6725,True
2281,G06_6725,True
2282,H06_6725,True
2283,A07_6725,True
2284,B07_6725,True
2285,C07_6725,True
2286,D07_6725,True
2287,E07_6725,True
2288,F07_6725,True
2289,G07_6725,True
2290,H07_6725,True
2291,A08_6725,True
2292,B08_6725,True
2293,C08_6725,True
2294,D08_6725,True
2295,E08_6725,True
2296,F08_6725,True
2297,G08_6725,True
2298,H08_6725,True
2299,A09_6725,True
2300,B09_6725,True
2301,C09_6725,True
2302,D09_6725,True
2303,E09_6725,True
2304,F09_6725,True
2305,G09_6725,True
2306,H09_6725,True
2307,A10_6725,True
2308,B10_6725,True
2309,C10_6725,True
2310,D10_6725,True
2311,E10_6725,True
2312,F10_6725,True
2313,G10_6725,True
2314,H10_6725,True
2315,A11_6725,True
2316,B11_6725,True
2317,C11_6725,True
2318,D11_6725,True
2319,E11_6725,True
2320,F11_6725,True
2321,G11_6725,True
2322,H11_6725,True
2323,A12_6725,True
2324,B12_6725,True
2325,C12_6725,True
2326,D12_6725,True
2327,E12_6725,True
2328,F12_6725,True
2329,G12_6725,True
2330,A01_6731,True
2331,B01_6731,True
2332,C01_6731,True
2333,D01_6731,True
2334,E01_6731,True
2335,F01_6731,True
2336,G01_6731,True
2337,H01_6731,True
2338,A02_6731,True
2339,B02_6731,True
2340,C02_6731,True
2341,D02_6731,True
2342,E02_6731,True
2343,F02_6731,True
2344,G02_6731,True
2345,H02_6731,True
2346,A03_6731,True
2347,B03_6731,True
2348,C03_6731,True
2349,D03_6731,True
2350,E03_6731,True
2351,F03_6731,True
2352,G03_6731,True
2353,H03_6731,True
2354,A04_6731,True
2355,B04_6731,True
2356,C04_6731,True
2357,D04_6731,True
2358,E04_6731,True
2359,F04_6731,True
2360,G04_6731,True
2361,H04_6731,True
2362,A05_6731,True
2363,B05_6731,True
2364,C05_6731,True
2365,D05_6731,True
2366,E05_6731,True
2367,F05_6731,True
2368,G05_6731,True
2369,H05_6731,True
2370,A06_6731,True
2371,B06_6731,True
2372,C06_6731,True
2373,D06_6731,True
2374,E06_6731,True
2375,F06_6731,True
2376,G06_6731,True
2377,H06_6731,True
2378,A07_6731,True
2379,B07_6731,True
2380,C07_6731,True
2381,D07_6731,True
2382,E07_6731,True
2383,F07_6731,True
2384,G07_6731,True
2385,H07_6731,True
2386,A08_6731,True
2387,B08_6731,True
2388,C08_6731,True
2389,D08_6731,True
2390,E08_6731,True
2391,F08_6731,True
2392,G08_6731,True
2393,H08_6731,True
2394,A09_6731,True
2395,B09_6731,True
2396,C09_6731,True
2397,D09_6731,True
2398,E09_6731,True
2399,F09_6731,True
2400,G09_6731,True
2401,H09_6731,True
2402,A10_6731,True
2403,B10_6731,True
2404,C10_6731,True
2405,D10_6731,True
2406,E10_6731,True
2407,F10_6731,True
2408,G10_6731,True
2409,H10_6731,True
2410,A11_6731,True
2411,B11_6731,True
2412,C11_6731,True
2413,D11_6731,True
2414,E11_6731,True
2415,F11_6731,True
2416,G11_6731,True
2417,H11_6731,True
2418,A12_6731,True
2419,B12_6731,True
2420,C12_6731,True
2421,D12_6731,True
2422,E12_6731,True
2423,F12_6731,True
2424,G12_6731,True
2425,A01_6734,True
2426,B01_6734,True
2427,C01_6734,True
2428,D01_6734,True
2429,E01_6734,True
2430,F01_6734,True
2431,G01_6734,True
2432,H01_6734,True
2433,A02_6734,True
2434,B02_6734,True
2435,C02_6734,True
2436,D02_6734,True
2437,E02_6734,True
2438,F02_6734,True
2439,G02_6734,True
2440,H02_6734,True
2441,A03_6734,True
2442,B03_6734,True
2443,C03_6734,True
2444,D03_6734,True
2445,E03_6734,True
2446,F03_6734,True
2447,G03_6734,True
2448,H03_6734,True
2449,A04_6734,True
2450,B04_6734,True
2451,C04_6734,True
2452,D04_6734,True
2453,E04_6734,True
2454,F04_6734,True
2455,G04_6734,True
2456,H04_6734,True
2457,A05_6734,True
2458,B05_6734,True
2459,C05_6734,True
2460,D05_6734,True
2461,E05_6734,True
2462,F05_6734,True
2463,G05_6734,True
2464,H05_6734,True
2465,A06_6734,True
2466,B06_6734,True
2467,C06_6734,True
2468,D06_6734,True
2469,E06_6734,True
2470,F06_6734,True
2471,G06_6734,True
2472,H06_6734,True
2473,A07_6734,True
2474,B07_6734,True
2475,C07_6734,True
2476,D07_6734,True
2477,E07_6734,True
2478,F07_6734,True
2479,G07_6734,True
2480,H07_6734,True
2481,A08_6734,True
2482,B08_6734,True
2483,C08_6734,True
2484,D08_6734,True
2485,E08_6734,True
2486,F08_6734,True
2487,G08_6734,True
2488,H08_6734,True
2489,A09_6734,True
2490,B09_6734,True
2491,C09_6734,True
2492,D09_6734,True
2493,E09_6734,True
2494,F09_6734,True
2495,G09_6734,True
2496,H09_6734,True
2497,A10_6734,True
2498,B10_6734,True
2499,C10_6734,True
2500,D10_6734,True
2501,E10_6734,True
2502,F10_6734,True
2503,G10_6734,True
2504,H10_6734,True
2505,A11_6734,True
2506,B11_6734,True
2507,C11_6734,True
2508,D11_6734,True
2509,E11_6734,True
2510,F11_6734,True
2511,G11_6734,True
2512,H11_6734,True
2513,A12_6734,True
2514,B12_6734,True
2515,C12_6734,True
2516,D12_6734,True
2517,E12_6734,True
2518,F12_6734,True
2519,G12_6734,True
2520,A01_6735,True
2521,B01_6735,True
2522,C01_6735,True
2523,D01_6735,True
2524,E01_6735,True
2525,F01_6735,True
2526,G01_6735,True
2527,H01_6735,True
2528,A02_6735,True
2529,B02_6735,True
2530,C02_6735,True
2531,D02_6735,True
2532,E02_6735,True
2533,F02_6735,True
2534,G02_6735,True
2535,H02_6735,True
2536,A03_6735,True
2537,B03_6735,True
2538,C03_6735,True
2539,D03_6735,True
2540,E03_6735,True
2541,F03_6735,True
2542,G03_6735,True
2543,H03_6735,True
2544,A04_6735,True
2545,B04_6735,True
2546,C04_6735,True
2547,D04_6735,True
2548,E04_6735,True
2549,F04_6735,True
2550,G04_6735,True
2551,H04_6735,True
2552,A05_6735,True
2553,B05_6735,True
2554,C05_6735,True
2555,D05_6735,True
2556,E05_6735,True
2557,F05_6735,True
2558,G05_6735,True
2559,H05_6735,True
2560,A06_6735,True
2561,B06_6735,True
2562,C06_6735,True
2563,D06_6735,True
2564,E06_6735,True
2565,F06_6735,True
2566,G06_6735,True
2567,H06_6735,True
2568,A07_6735,True
2569,B07_6735,True
2570,C07_6735,True
2571,D07_6735,True
2572,E07_6735,True
2573,F07_6735,True
2574,G07_6735,True
2575,H07_6735,True
2576,A08_6735,True
2577,B08_6735,True
2578,C08_6735,True
2579,D08_6735,True
2580,E08_6735,True
2581,F08_6735,True
2582,G08_6735,True
2583,H08_6735,True
2584,A09_6735,True
2585,B09_6735,True
2586,C09_6735,True
2587,D09_6735,True
2588,E09_6735,True
2589,F09_6735,True
2590,G09_6735,True
2591,H09_6735,True
2592,A10_6735,True
2593,B10_6735,True
2594,C10_6735,True
2595,D10_6735,True
2596,E10_6735,True
2597,F10_6735,True
2598,G10_6735,True
2599,H10_6735,True
2600,A11_6735,True
2601,B11_6735,True
2602,C11_6735,True
2603,D11_6735,True
2604,E11_6735,True
2605,F11_6735,True
2606,G11_6735,True
2607,H11_6735,True
2608,A12_6735,True
2609,B12_6735,True
2610,C12_6735,True
2611,D12_6735,True
2612,E12_6735,True
2613,F12_6735,True
2614,G12_6735,True
2615,A01_6736,True
2616,B01_6736,True
2617,C01_6736,True
2618,D01_6736,True
2619,E01_6736,True
2620,F01_6736,True
2621,G01_6736,True
2622,H01_6736,True
2623,A02_6736,True
2624,B02_6736,True
2625,C02_6736,True
2626,D02_6736,True
2627,E02_6736,True
2628,F02_6736,True
2629,G02_6736,True
2630,H02_6736,True
2631,A03_6736,True
2632,B03_6736,True
2633,C03_6736,True
2634,D03_6736,True
2635,E03_6736,True
2636,F03_6736,True
2637,G03_6736,True
2638,H03_6736,True
2639,A04_6736,True
2640,B04_6736,True
2641,C04_6736,True
2642,D04_6736,True
2643,E04_6736,True
2644,F04_6736,True
2645,G04_6736,True
2646,H04_6736,True
2647,A05_6736,True
2648,B05_6736,True
2649,C05_6736,True
2650,D05_6736,True
2651,E05_6736,True
2652,F05_6736,True
2653,G05_6736,True
2654,H05_6736,True
2655,A06_6736,True
2656,B06_6736,True
2657,C06_6736,True
2658,D06_6736,True
2659,E06_6736,True
2660,F06_6736,True
2661,G06_6736,True
2662,H06_6736,True
2663,A07_6736,True
2664,B07_6736,True
2665,C07_6736,True
2666,D07_6736,True
2667,E07_6736,True
2668,F07_6736,True
2669,G07_6736,True
2670,H07_6736,True
2671,A08_6736,True
2672,B08_6736,True
2673,C08_6736,True
2674,D08_6736,True
2675,E08_6736,True
2676,F08_6736,True
2677,G08_6736,True
2678,H08_6736,True
2679,A09_6736,True
2680,B09_6736,True
2681,C09_6736,True
2682,D09_6736,True
2683,E09_6736,True
2684,F09_6736,True
2685,G09_6736,True
2686,H09_6736,True
2687,A10_6736,True
2688,B10_6736,True
2689,C10_6736,True
2690,D10_6736,True
2691,E10_6736,True
2692,F10_6736,True
2693,G10_6736,True
2694,H10_6736,True
2695,A11_6736,True
2696,B11_6736,True
2697,C11_6736,True
2698,D11_6736,True
2699,E11_6736,True
2700,F11_6736,True
2701,G11_6736,True
2702,H11_6736,True
2703,A12_6736,True
2704,B12_6736,True
2705,C12_6736,True
2706,D12_6736,True
2707,E12_6736,True
2708,F12_6736,True
2709,G12_6736,True
2710,A01_6745,True
2711,B01_6745,True
2712,C01_6745,True
2713,D01_6745,True
2714,E01_6745,True
2715,F01_6745,True
2716,G01_6745,True
2717,H01_6745,True
2718,A02_6745,True
2719,B02_6745,True
2720,C02_6745,True
2721,D02_6745,True
2722,E02_6745,True
2723,F02_6745,True
2724,G02_6745,True
2725,H02_6745,True
2726,A03_6745,True
2727,B03_6745,True
2728,C03_6745,True
2729,D03_6745,True
2730,E03_6745,True
2731,F03_6745,True
2732,G03_6745,True
2733,H03_6745,True
2734,A04_6745,True
2735,B04_6745,True
2736,C04_6745,True
2737,D04_6745,True
2738,E04_6745,True
2739,F04_6745,True
2740,G04_6745,True
2741,H04_6745,True
2742,A05_6745,True
2743,B05_6745,True
2744,C05_6745,True
2745,D05_6745,True
2746,E05_6745,True
2747,F05_6745,True
2748,G05_6745,True
2749,H05_6745,True
2750,A06_6745,True
2751,B06_6745,True
2752,C06_6745,True
2753,D06_6745,True
2754,E06_6745,True
2755,F06_6745,True
2756,G06_6745,True
2757,H06_6745,True
2758,A07_6745,True
2759,B07_6745,True
2760,C07_6745,True
2761,D07_6745,True
2762,E07_6745,True
2763,F07_6745,True
2764,G07_6745,True
2765,H07_6745,True
2766,A08_6745,True
2767,B08_6745,True
2768,C08_6745,True
2769,D08_6745,True
2770,E08_6745,True
2771,F08_6745,True
2772,G08_6745,True
2773,H08_6745,True
2774,A09_6745,True
2775,B09_6745,True
2776,C09_6745,True
2777,D09_6745,True
2778,E09_6745,True
2779,F09_6745,True
2780,G09_6745,True
2781,H09_6745,True
2782,A10_6745,True
2783,B10_6745,True
2784,C10_6745,True
2785,D10_6745,True
2786,E10_6745,True
2787,F10_6745,True
2788,G10_6745,True
2789,H10_6745,True
2790,A11_6745,True
2791,B11_6745,True
2792,C11_6745,True
2793,D11_6745,True
2794,E11_6745,True
2795,F11_6745,True
2796,G11_6745,True
2797,H11_6745,True
2798,A12_6745,True
2799,B12_6745,True
2800,C12_6745,True
2801,D12_6745,True
2802,E12_6745,True
2803,F12_6745,True
2804,G12_6745,True
