Well,Plate,Variable,Main,WellPlate
A07,6717,TRUE,Cytoplasm,A07_6717
A06,6717,TRUE,Nucleus,A06_6717
A05,6717,TRUE,Nucleus,A05_6717
C10,6717,TRUE,Nucleus,C10_6717
D10,6717,TRUE,Nucleus,D10_6717
D06,6717,TRUE,Nucleus,D06_6717
F10,6717,TRUE,Nucleus,F10_6717
G11,6717,TRUE,Nucleus,G11_6717
G07,6717,TRUE,Cytoplasm,G07_6717
H10,6717,TRUE,Cell,H10_6717
H08,6717,TRUE,Cell,H08_6717
H05,6717,TRUE,Nucleus,H05_6717
A05,6718,TRUE,Cytoplasm,A05_6718
C01,6718,TRUE,Nucleus,C01_6718
G08,6718,TRUE,Nucleus,G08_6718
H07,6718,TRUE,Nucleus,H07_6718
H02,6718,TRUE,Nucleus,H02_6718
A01,6719,TRUE,Cytoplasm,A01_6719
C05,6719,TRUE,Nucleus,C05_6719
F02,6719,TRUE,Cell,F02_6719
G01,6719,TRUE,Nucleus,G01_6719
H06,6719,TRUE,Nucleus,H06_6719
A08,6720,TRUE,Nucleus,A08_6720
B09,6720,TRUE,Nucleus,B09_6720
B07,6720,TRUE,Cytosol,B07_6720
B02,6720,TRUE,Cytosol,B02_6720
C10,6720,TRUE,Cell,C10_6720
C05,6720,TRUE,Nucleus,C05_6720
C03,6720,TRUE,Nucleus,C03_6720
C02,6720,TRUE,Cell,C02_6720
C01,6720,TRUE,Nucleus,C01_6720
D09,6720,TRUE,Cytosol,D09_6720
D07,6720,TRUE,Cell,D07_6720
D06,6720,TRUE,Cytosol,D06_6720
D02,6720,TRUE,Nucleus,D02_6720
E08,6720,TRUE,Cell,E08_6720
E05,6720,TRUE,Nucleus,E05_6720
E03,6720,TRUE,Nucleus,E03_6720
E02,6720,TRUE,Cell,E02_6720
F08,6720,TRUE,Cytosol,F08_6720
F01,6720,TRUE,Cytosol,F01_6720
G07,6720,TRUE,Cytosol,G07_6720
G02,6720,TRUE,Cell,G02_6720
H08,6720,TRUE,Cell,H08_6720
H05,6720,TRUE,Cell,H05_6720
H02,6720,TRUE,Cell,H02_6720
B11,6721,TRUE,Cytoplasm,B11_6721
E01,6721,TRUE,Cytoplasm,E01_6721
H11,6721,TRUE,Cytoplasm,H11_6721
A10,6722,TRUE,Nucleus,A10_6722
B10,6722,TRUE,Nucleus,B10_6722
B01,6722,TRUE,Nucleus,B01_6722
C06,6722,TRUE,Nucleus,C06_6722
D05,6722,TRUE,Nucleus,D05_6722
E09,6722,TRUE,Cell,E09_6722
E04,6722,TRUE,Nucleus,E04_6722
F03,6722,TRUE,Cytoplasm,F03_6722
B12,6724,TRUE,Cell,B12_6724
B09,6724,TRUE,Cell,B09_6724
B05,6724,TRUE,Cell,B05_6724
B04,6724,TRUE,Cell,B04_6724
B02,6724,TRUE,Nucleus,B02_6724
C12,6724,TRUE,Cell,C12_6724
C05,6724,TRUE,Cell,C05_6724
C04,6724,TRUE,Cell,C04_6724
C03,6724,TRUE,Nucleus,C03_6724
C02,6724,TRUE,Nucleus,C02_6724
D12,6724,TRUE,Cyto,D12_6724
D04,6724,TRUE,Cell,D04_6724
D03,6724,TRUE,Nucleus,D03_6724
D02,6724,TRUE,Cell,D02_6724
D01,6724,TRUE,Nucleus,D01_6724
E09,6724,TRUE,Cyto,E09_6724
E08,6724,TRUE,Cyto,E08_6724
F04,6724,TRUE,Cell,F04_6724
F01,6724,TRUE,Cell,F01_6724
G07,6724,TRUE,Cell,G07_6724
G04,6724,TRUE,Nucleus,G04_6724
H09,6724,TRUE,Cyto,H09_6724
H06,6724,TRUE,Cyto,H06_6724
H05,6724,TRUE,Nucleus,H05_6724
A08,6725,TRUE,Nucleus,A08_6725
F08,6725,TRUE,Nucleus,F08_6725
A03,6731,TRUE,Nucleus,A03_6731
H04,6731,TRUE,Cytoplasm,H04_6731
E04,6734,TRUE,Nucleus,E04_6734
F05,6734,TRUE,Nucleus,F05_6734
H04,6734,TRUE,Nucleus,H04_6734
B01,6735,TRUE,Nucleus,B01_6735
A12,6736,TRUE,Nucleus,A12_6736
A11,6736,TRUE,Cell,A11_6736
A05,6736,TRUE,Cell,A05_6736
A02,6736,TRUE,Nucleus,A02_6736
A01,6736,TRUE,Nucleus,A01_6736
B08,6736,TRUE,Cell,B08_6736
B06,6736,TRUE,Cell,B06_6736
B05,6736,TRUE,Cyto,B05_6736
B03,6736,TRUE,Nucleus,B03_6736
B01,6736,TRUE,Nucleus,B01_6736
C11,6736,TRUE,Nucleus,C11_6736
C09,6736,TRUE,Nucleus,C09_6736
C07,6736,TRUE,Nucleus,C07_6736
C06,6736,TRUE,Nucleus,C06_6736
C04,6736,TRUE,Nucleus,C04_6736
D11,6736,TRUE,Nucleus,D11_6736
D10,6736,TRUE,Cell,D10_6736
D08,6736,TRUE,Nucleus,D08_6736
D06,6736,TRUE,Nucelus,D06_6736
D05,6736,TRUE,Cell,D05_6736
D03,6736,TRUE,Nucleus,D03_6736
E10,6736,TRUE,Cell,E10_6736
E04,6736,TRUE,Cyto,E04_6736
E03,6736,TRUE,Nucleus,E03_6736
F11,6736,TRUE,Cell,F11_6736
F10,6736,TRUE,Cell,F10_6736
F09,6736,TRUE,Nucleus,F09_6736
F04,6736,TRUE,Nucleus,F04_6736
F03,6736,TRUE,Nucleus,F03_6736
G10,6736,TRUE,Nucleus,G10_6736
G09,6736,TRUE,Cell,G09_6736
G05,6736,TRUE,Cyto,G05_6736
G03,6736,TRUE,Cell,G03_6736
G01,6736,TRUE,Nucleus,G01_6736
A08,6745,TRUE,Nucleus,A08_6745
D04,6745,TRUE,Nucleus,D04_6745
G08,6745,TRUE,Nucleus,G08_6745
A12,6717,FALSE,0,A12_6717
A11,6717,FALSE,0,A11_6717
A10,6717,FALSE,0,A10_6717
A09,6717,FALSE,0,A09_6717
A08,6717,FALSE,0,A08_6717
A04,6717,FALSE,0,A04_6717
A03,6717,FALSE,0,A03_6717
A02,6717,FALSE,0,A02_6717
A01,6717,FALSE,0,A01_6717
B12,6717,FALSE,0,B12_6717
B11,6717,FALSE,0,B11_6717
B10,6717,FALSE,0,B10_6717
B09,6717,FALSE,0,B09_6717
B08,6717,FALSE,0,B08_6717
B07,6717,FALSE,0,B07_6717
B06,6717,FALSE,0,B06_6717
B05,6717,FALSE,0,B05_6717
B04,6717,FALSE,0,B04_6717
B03,6717,FALSE,0,B03_6717
B02,6717,FALSE,0,B02_6717
B01,6717,FALSE,0,B01_6717
C12,6717,FALSE,0,C12_6717
C11,6717,FALSE,0,C11_6717
C09,6717,FALSE,0,C09_6717
C08,6717,FALSE,0,C08_6717
C07,6717,FALSE,0,C07_6717
C06,6717,FALSE,0,C06_6717
C05,6717,FALSE,0,C05_6717
C04,6717,FALSE,0,C04_6717
C03,6717,FALSE,0,C03_6717
C02,6717,FALSE,0,C02_6717
C01,6717,FALSE,0,C01_6717
D12,6717,FALSE,0,D12_6717
D11,6717,FALSE,0,D11_6717
D09,6717,FALSE,0,D09_6717
D08,6717,FALSE,0,D08_6717
D07,6717,FALSE,0,D07_6717
D05,6717,FALSE,0,D05_6717
D04,6717,FALSE,0,D04_6717
D03,6717,FALSE,0,D03_6717
D02,6717,FALSE,0,D02_6717
D01,6717,FALSE,0,D01_6717
E12,6717,FALSE,0,E12_6717
E11,6717,FALSE,0,E11_6717
E10,6717,FALSE,0,E10_6717
E09,6717,FALSE,0,E09_6717
E08,6717,FALSE,0,E08_6717
E07,6717,FALSE,0,E07_6717
E06,6717,FALSE,0,E06_6717
E05,6717,FALSE,0,E05_6717
E04,6717,FALSE,0,E04_6717
E03,6717,FALSE,0,E03_6717
E02,6717,FALSE,0,E02_6717
E01,6717,FALSE,0,E01_6717
F12,6717,FALSE,0,F12_6717
F11,6717,FALSE,0,F11_6717
F09,6717,FALSE,0,F09_6717
F08,6717,FALSE,0,F08_6717
F07,6717,FALSE,0,F07_6717
F06,6717,FALSE,0,F06_6717
F05,6717,FALSE,0,F05_6717
F04,6717,FALSE,0,F04_6717
F03,6717,FALSE,0,F03_6717
F02,6717,FALSE,0,F02_6717
F01,6717,FALSE,0,F01_6717
G12,6717,FALSE,0,G12_6717
G10,6717,FALSE,0,G10_6717
G09,6717,FALSE,0,G09_6717
G08,6717,FALSE,0,G08_6717
G06,6717,FALSE,0,G06_6717
G05,6717,FALSE,0,G05_6717
G04,6717,FALSE,0,G04_6717
G03,6717,FALSE,0,G03_6717
G02,6717,FALSE,0,G02_6717
G01,6717,FALSE,0,G01_6717
H12,6717,FALSE,0,H12_6717
H11,6717,FALSE,0,H11_6717
H09,6717,FALSE,0,H09_6717
H07,6717,FALSE,0,H07_6717
H06,6717,FALSE,0,H06_6717
H04,6717,FALSE,0,H04_6717
H03,6717,FALSE,0,H03_6717
H02,6717,FALSE,0,H02_6717
H01,6717,FALSE,0,H01_6717
A12,6718,FALSE,0,A12_6718
A11,6718,FALSE,0,A11_6718
A10,6718,FALSE,0,A10_6718
A09,6718,FALSE,0,A09_6718
A08,6718,FALSE,0,A08_6718
A07,6718,FALSE,0,A07_6718
A06,6718,FALSE,0,A06_6718
A04,6718,FALSE,0,A04_6718
A03,6718,FALSE,0,A03_6718
A02,6718,FALSE,0,A02_6718
A01,6718,FALSE,0,A01_6718
B12,6718,FALSE,0,B12_6718
B11,6718,FALSE,0,B11_6718
B10,6718,FALSE,0,B10_6718
B09,6718,FALSE,0,B09_6718
B08,6718,FALSE,0,B08_6718
B07,6718,FALSE,0,B07_6718
B06,6718,FALSE,0,B06_6718
B05,6718,FALSE,0,B05_6718
B04,6718,FALSE,0,B04_6718
B03,6718,FALSE,0,B03_6718
B02,6718,FALSE,0,B02_6718
B01,6718,FALSE,0,B01_6718
C12,6718,FALSE,0,C12_6718
C11,6718,FALSE,0,C11_6718
C10,6718,FALSE,0,C10_6718
C09,6718,FALSE,0,C09_6718
C08,6718,FALSE,0,C08_6718
C07,6718,FALSE,0,C07_6718
C06,6718,FALSE,0,C06_6718
C05,6718,FALSE,0,C05_6718
C04,6718,FALSE,0,C04_6718
C03,6718,FALSE,0,C03_6718
C02,6718,FALSE,0,C02_6718
D12,6718,FALSE,0,D12_6718
D11,6718,FALSE,0,D11_6718
D10,6718,FALSE,0,D10_6718
D09,6718,FALSE,0,D09_6718
D08,6718,FALSE,0,D08_6718
D07,6718,FALSE,0,D07_6718
D06,6718,FALSE,0,D06_6718
D05,6718,FALSE,0,D05_6718
D04,6718,FALSE,0,D04_6718
D03,6718,FALSE,0,D03_6718
D02,6718,FALSE,0,D02_6718
D01,6718,FALSE,0,D01_6718
E12,6718,FALSE,0,E12_6718
E11,6718,FALSE,0,E11_6718
E10,6718,FALSE,0,E10_6718
E09,6718,FALSE,0,E09_6718
E08,6718,FALSE,0,E08_6718
E07,6718,FALSE,0,E07_6718
E06,6718,FALSE,0,E06_6718
E05,6718,FALSE,0,E05_6718
E04,6718,FALSE,0,E04_6718
E03,6718,FALSE,0,E03_6718
E02,6718,FALSE,0,E02_6718
E01,6718,FALSE,0,E01_6718
F12,6718,FALSE,0,F12_6718
F11,6718,FALSE,0,F11_6718
F10,6718,FALSE,0,F10_6718
F09,6718,FALSE,0,F09_6718
F08,6718,FALSE,0,F08_6718
F07,6718,FALSE,0,F07_6718
F06,6718,FALSE,0,F06_6718
F05,6718,FALSE,0,F05_6718
F04,6718,FALSE,0,F04_6718
F03,6718,FALSE,0,F03_6718
F02,6718,FALSE,0,F02_6718
F01,6718,FALSE,0,F01_6718
G12,6718,FALSE,0,G12_6718
G11,6718,FALSE,0,G11_6718
G10,6718,FALSE,0,G10_6718
G09,6718,FALSE,0,G09_6718
G07,6718,FALSE,0,G07_6718
G06,6718,FALSE,0,G06_6718
G05,6718,FALSE,0,G05_6718
G04,6718,FALSE,0,G04_6718
G03,6718,FALSE,0,G03_6718
G02,6718,FALSE,0,G02_6718
G01,6718,FALSE,0,G01_6718
H12,6718,FALSE,0,H12_6718
H11,6718,FALSE,0,H11_6718
H10,6718,FALSE,0,H10_6718
H09,6718,FALSE,0,H09_6718
H08,6718,FALSE,0,H08_6718
H06,6718,FALSE,0,H06_6718
H05,6718,FALSE,0,H05_6718
H04,6718,FALSE,0,H04_6718
H03,6718,FALSE,0,H03_6718
H01,6718,FALSE,0,H01_6718
A12,6719,FALSE,0,A12_6719
A11,6719,FALSE,0,A11_6719
A10,6719,FALSE,0,A10_6719
A09,6719,FALSE,0,A09_6719
A08,6719,FALSE,0,A08_6719
A07,6719,FALSE,0,A07_6719
A06,6719,FALSE,0,A06_6719
A05,6719,FALSE,0,A05_6719
A04,6719,FALSE,0,A04_6719
A03,6719,FALSE,0,A03_6719
A02,6719,FALSE,0,A02_6719
B12,6719,FALSE,0,B12_6719
B11,6719,FALSE,0,B11_6719
B10,6719,FALSE,0,B10_6719
B09,6719,FALSE,0,B09_6719
B08,6719,FALSE,0,B08_6719
B07,6719,FALSE,0,B07_6719
B06,6719,FALSE,0,B06_6719
B05,6719,FALSE,0,B05_6719
B04,6719,FALSE,0,B04_6719
B03,6719,FALSE,0,B03_6719
B02,6719,FALSE,0,B02_6719
B01,6719,FALSE,0,B01_6719
C12,6719,FALSE,0,C12_6719
C11,6719,FALSE,0,C11_6719
C10,6719,FALSE,0,C10_6719
C09,6719,FALSE,0,C09_6719
C08,6719,FALSE,0,C08_6719
C07,6719,FALSE,0,C07_6719
C06,6719,FALSE,0,C06_6719
C04,6719,FALSE,0,C04_6719
C03,6719,FALSE,0,C03_6719
C02,6719,FALSE,0,C02_6719
C01,6719,FALSE,0,C01_6719
D12,6719,FALSE,0,D12_6719
D11,6719,FALSE,0,D11_6719
D10,6719,FALSE,0,D10_6719
D09,6719,FALSE,0,D09_6719
D08,6719,FALSE,0,D08_6719
D07,6719,FALSE,0,D07_6719
D06,6719,FALSE,0,D06_6719
D05,6719,FALSE,0,D05_6719
D04,6719,FALSE,0,D04_6719
D03,6719,FALSE,0,D03_6719
D02,6719,FALSE,0,D02_6719
D01,6719,FALSE,0,D01_6719
E12,6719,FALSE,0,E12_6719
E11,6719,FALSE,0,E11_6719
E10,6719,FALSE,0,E10_6719
E09,6719,FALSE,0,E09_6719
E08,6719,FALSE,0,E08_6719
E07,6719,FALSE,0,E07_6719
E06,6719,FALSE,0,E06_6719
E05,6719,FALSE,0,E05_6719
E04,6719,FALSE,0,E04_6719
E03,6719,FALSE,0,E03_6719
E02,6719,FALSE,0,E02_6719
E01,6719,FALSE,0,E01_6719
F12,6719,FALSE,0,F12_6719
F11,6719,FALSE,0,F11_6719
F10,6719,FALSE,0,F10_6719
F09,6719,FALSE,0,F09_6719
F08,6719,FALSE,0,F08_6719
F07,6719,FALSE,0,F07_6719
F06,6719,FALSE,0,F06_6719
F05,6719,FALSE,0,F05_6719
F04,6719,FALSE,0,F04_6719
F03,6719,FALSE,0,F03_6719
F01,6719,FALSE,0,F01_6719
G12,6719,FALSE,0,G12_6719
G11,6719,FALSE,0,G11_6719
G10,6719,FALSE,0,G10_6719
G09,6719,FALSE,0,G09_6719
G08,6719,FALSE,0,G08_6719
G07,6719,FALSE,0,G07_6719
G06,6719,FALSE,0,G06_6719
G05,6719,FALSE,0,G05_6719
G04,6719,FALSE,0,G04_6719
G03,6719,FALSE,0,G03_6719
G02,6719,FALSE,0,G02_6719
H12,6719,FALSE,0,H12_6719
H11,6719,FALSE,0,H11_6719
H10,6719,FALSE,0,H10_6719
H09,6719,FALSE,0,H09_6719
H08,6719,FALSE,0,H08_6719
H07,6719,FALSE,0,H07_6719
H05,6719,FALSE,0,H05_6719
H04,6719,FALSE,0,H04_6719
H03,6719,FALSE,0,H03_6719
H02,6719,FALSE,0,H02_6719
H01,6719,FALSE,0,H01_6719
A12,6720,FALSE,0,A12_6720
A11,6720,FALSE,0,A11_6720
A10,6720,FALSE,0,A10_6720
A09,6720,FALSE,0,A09_6720
A07,6720,FALSE,0,A07_6720
A06,6720,FALSE,0,A06_6720
A05,6720,FALSE,0,A05_6720
A04,6720,FALSE,0,A04_6720
A03,6720,FALSE,0,A03_6720
A02,6720,FALSE,0,A02_6720
A01,6720,FALSE,0,A01_6720
B12,6720,FALSE,0,B12_6720
B11,6720,FALSE,0,B11_6720
B10,6720,FALSE,0,B10_6720
B08,6720,FALSE,0,B08_6720
B06,6720,FALSE,0,B06_6720
B05,6720,FALSE,0,B05_6720
B04,6720,FALSE,0,B04_6720
B03,6720,FALSE,0,B03_6720
B01,6720,FALSE,0,B01_6720
C12,6720,FALSE,0,C12_6720
C11,6720,FALSE,0,C11_6720
C09,6720,FALSE,0,C09_6720
C08,6720,FALSE,0,C08_6720
C07,6720,FALSE,0,C07_6720
C06,6720,FALSE,0,C06_6720
C04,6720,FALSE,0,C04_6720
D12,6720,FALSE,0,D12_6720
D11,6720,FALSE,0,D11_6720
D10,6720,FALSE,0,D10_6720
D08,6720,FALSE,0,D08_6720
D05,6720,FALSE,0,D05_6720
D04,6720,FALSE,0,D04_6720
D03,6720,FALSE,0,D03_6720
D01,6720,FALSE,0,D01_6720
E12,6720,FALSE,0,E12_6720
E11,6720,FALSE,0,E11_6720
E10,6720,FALSE,0,E10_6720
E09,6720,FALSE,0,E09_6720
E07,6720,FALSE,0,E07_6720
E06,6720,FALSE,0,E06_6720
E04,6720,FALSE,0,E04_6720
E01,6720,FALSE,0,E01_6720
F12,6720,FALSE,0,F12_6720
F11,6720,FALSE,0,F11_6720
F10,6720,FALSE,0,F10_6720
F09,6720,FALSE,0,F09_6720
F07,6720,FALSE,0,F07_6720
F06,6720,FALSE,0,F06_6720
F05,6720,FALSE,0,F05_6720
F04,6720,FALSE,0,F04_6720
F03,6720,FALSE,0,F03_6720
F02,6720,FALSE,0,F02_6720
G12,6720,FALSE,0,G12_6720
G11,6720,FALSE,0,G11_6720
G10,6720,FALSE,0,G10_6720
G09,6720,FALSE,0,G09_6720
G08,6720,FALSE,0,G08_6720
G06,6720,FALSE,0,G06_6720
G05,6720,FALSE,0,G05_6720
G04,6720,FALSE,0,G04_6720
G03,6720,FALSE,0,G03_6720
G01,6720,FALSE,0,G01_6720
H12,6720,FALSE,0,H12_6720
H11,6720,FALSE,0,H11_6720
H10,6720,FALSE,0,H10_6720
H09,6720,FALSE,0,H09_6720
H07,6720,FALSE,0,H07_6720
H06,6720,FALSE,0,H06_6720
H04,6720,FALSE,0,H04_6720
H03,6720,FALSE,0,H03_6720
H01,6720,FALSE,0,H01_6720
A12,6721,FALSE,0,A12_6721
A11,6721,FALSE,0,A11_6721
A10,6721,FALSE,0,A10_6721
A09,6721,FALSE,0,A09_6721
A08,6721,FALSE,0,A08_6721
A07,6721,FALSE,0,A07_6721
A06,6721,FALSE,0,A06_6721
A05,6721,FALSE,0,A05_6721
A04,6721,FALSE,0,A04_6721
A03,6721,FALSE,0,A03_6721
A02,6721,FALSE,0,A02_6721
A01,6721,FALSE,0,A01_6721
B12,6721,FALSE,0,B12_6721
B10,6721,FALSE,0,B10_6721
B09,6721,FALSE,0,B09_6721
B08,6721,FALSE,0,B08_6721
B07,6721,FALSE,0,B07_6721
B06,6721,FALSE,0,B06_6721
B05,6721,FALSE,0,B05_6721
B04,6721,FALSE,0,B04_6721
B03,6721,FALSE,0,B03_6721
B02,6721,FALSE,0,B02_6721
B01,6721,FALSE,0,B01_6721
C12,6721,FALSE,0,C12_6721
C11,6721,FALSE,0,C11_6721
C10,6721,FALSE,0,C10_6721
C09,6721,FALSE,0,C09_6721
C08,6721,FALSE,0,C08_6721
C07,6721,FALSE,0,C07_6721
C06,6721,FALSE,0,C06_6721
C05,6721,FALSE,0,C05_6721
C04,6721,FALSE,0,C04_6721
C03,6721,FALSE,0,C03_6721
C02,6721,FALSE,0,C02_6721
C01,6721,FALSE,0,C01_6721
D12,6721,FALSE,0,D12_6721
D11,6721,FALSE,0,D11_6721
D10,6721,FALSE,0,D10_6721
D09,6721,FALSE,0,D09_6721
D08,6721,FALSE,0,D08_6721
D07,6721,FALSE,0,D07_6721
D06,6721,FALSE,0,D06_6721
D05,6721,FALSE,0,D05_6721
D04,6721,FALSE,0,D04_6721
D03,6721,FALSE,0,D03_6721
D02,6721,FALSE,0,D02_6721
D01,6721,FALSE,0,D01_6721
E12,6721,FALSE,0,E12_6721
E11,6721,FALSE,0,E11_6721
E10,6721,FALSE,0,E10_6721
E09,6721,FALSE,0,E09_6721
E08,6721,FALSE,0,E08_6721
E07,6721,FALSE,0,E07_6721
E06,6721,FALSE,0,E06_6721
E05,6721,FALSE,0,E05_6721
E04,6721,FALSE,0,E04_6721
E03,6721,FALSE,0,E03_6721
E02,6721,FALSE,0,E02_6721
F12,6721,FALSE,0,F12_6721
F11,6721,FALSE,0,F11_6721
F10,6721,FALSE,0,F10_6721
F09,6721,FALSE,0,F09_6721
F08,6721,FALSE,0,F08_6721
F07,6721,FALSE,0,F07_6721
F06,6721,FALSE,0,F06_6721
F05,6721,FALSE,0,F05_6721
F04,6721,FALSE,0,F04_6721
F03,6721,FALSE,0,F03_6721
F02,6721,FALSE,0,F02_6721
F01,6721,FALSE,0,F01_6721
G12,6721,FALSE,0,G12_6721
G11,6721,FALSE,0,G11_6721
G10,6721,FALSE,0,G10_6721
G09,6721,FALSE,0,G09_6721
G08,6721,FALSE,0,G08_6721
G07,6721,FALSE,0,G07_6721
G06,6721,FALSE,0,G06_6721
G05,6721,FALSE,0,G05_6721
G04,6721,FALSE,0,G04_6721
G03,6721,FALSE,0,G03_6721
G02,6721,FALSE,0,G02_6721
G01,6721,FALSE,0,G01_6721
H12,6721,FALSE,0,H12_6721
H10,6721,FALSE,0,H10_6721
H09,6721,FALSE,0,H09_6721
H08,6721,FALSE,0,H08_6721
H07,6721,FALSE,0,H07_6721
H06,6721,FALSE,0,H06_6721
H05,6721,FALSE,0,H05_6721
H04,6721,FALSE,0,H04_6721
H03,6721,FALSE,0,H03_6721
H02,6721,FALSE,0,H02_6721
H01,6721,FALSE,0,H01_6721
A12,6722,FALSE,0,A12_6722
A11,6722,FALSE,0,A11_6722
A09,6722,FALSE,0,A09_6722
A08,6722,FALSE,0,A08_6722
A07,6722,FALSE,0,A07_6722
A06,6722,FALSE,0,A06_6722
A05,6722,FALSE,0,A05_6722
A04,6722,FALSE,0,A04_6722
A03,6722,FALSE,0,A03_6722
A02,6722,FALSE,0,A02_6722
A01,6722,FALSE,0,A01_6722
B12,6722,FALSE,0,B12_6722
B11,6722,FALSE,0,B11_6722
B09,6722,FALSE,0,B09_6722
B08,6722,FALSE,0,B08_6722
B07,6722,FALSE,0,B07_6722
B06,6722,FALSE,0,B06_6722
B05,6722,FALSE,0,B05_6722
B04,6722,FALSE,0,B04_6722
B03,6722,FALSE,0,B03_6722
B02,6722,FALSE,0,B02_6722
C12,6722,FALSE,0,C12_6722
C11,6722,FALSE,0,C11_6722
C10,6722,FALSE,0,C10_6722
C09,6722,FALSE,0,C09_6722
C08,6722,FALSE,0,C08_6722
C07,6722,FALSE,0,C07_6722
C05,6722,FALSE,0,C05_6722
C04,6722,FALSE,0,C04_6722
C03,6722,FALSE,0,C03_6722
C02,6722,FALSE,0,C02_6722
C01,6722,FALSE,0,C01_6722
D12,6722,FALSE,0,D12_6722
D11,6722,FALSE,0,D11_6722
D10,6722,FALSE,0,D10_6722
D09,6722,FALSE,0,D09_6722
D08,6722,FALSE,0,D08_6722
D07,6722,FALSE,0,D07_6722
D06,6722,FALSE,0,D06_6722
D04,6722,FALSE,0,D04_6722
D03,6722,FALSE,0,D03_6722
D02,6722,FALSE,0,D02_6722
D01,6722,FALSE,0,D01_6722
E12,6722,FALSE,0,E12_6722
E11,6722,FALSE,0,E11_6722
E10,6722,FALSE,0,E10_6722
E08,6722,FALSE,0,E08_6722
E07,6722,FALSE,0,E07_6722
E06,6722,FALSE,0,E06_6722
E05,6722,FALSE,0,E05_6722
E03,6722,FALSE,0,E03_6722
E02,6722,FALSE,0,E02_6722
E01,6722,FALSE,0,E01_6722
F12,6722,FALSE,0,F12_6722
F11,6722,FALSE,0,F11_6722
F10,6722,FALSE,0,F10_6722
F09,6722,FALSE,0,F09_6722
F08,6722,FALSE,0,F08_6722
F07,6722,FALSE,0,F07_6722
F06,6722,FALSE,0,F06_6722
F05,6722,FALSE,0,F05_6722
F04,6722,FALSE,0,F04_6722
F02,6722,FALSE,0,F02_6722
F01,6722,FALSE,0,F01_6722
G12,6722,FALSE,0,G12_6722
G11,6722,FALSE,0,G11_6722
G10,6722,FALSE,0,G10_6722
G09,6722,FALSE,0,G09_6722
G08,6722,FALSE,0,G08_6722
G07,6722,FALSE,0,G07_6722
G06,6722,FALSE,0,G06_6722
G05,6722,FALSE,0,G05_6722
G04,6722,FALSE,0,G04_6722
G03,6722,FALSE,0,G03_6722
G02,6722,FALSE,0,G02_6722
G01,6722,FALSE,0,G01_6722
H12,6722,FALSE,0,H12_6722
H11,6722,FALSE,0,H11_6722
H10,6722,FALSE,0,H10_6722
H09,6722,FALSE,0,H09_6722
H08,6722,FALSE,0,H08_6722
H07,6722,FALSE,0,H07_6722
H06,6722,FALSE,0,H06_6722
H05,6722,FALSE,0,H05_6722
H04,6722,FALSE,0,H04_6722
H03,6722,FALSE,0,H03_6722
H02,6722,FALSE,0,H02_6722
H01,6722,FALSE,0,H01_6722
A12,6724,FALSE,0,A12_6724
A11,6724,FALSE,0,A11_6724
A10,6724,FALSE,0,A10_6724
A09,6724,FALSE,0,A09_6724
A08,6724,FALSE,0,A08_6724
A07,6724,FALSE,0,A07_6724
A06,6724,FALSE,0,A06_6724
A05,6724,FALSE,0,A05_6724
A04,6724,FALSE,0,A04_6724
A03,6724,FALSE,0,A03_6724
A02,6724,FALSE,0,A02_6724
A01,6724,FALSE,0,A01_6724
B11,6724,FALSE,0,B11_6724
B10,6724,FALSE,0,B10_6724
B08,6724,FALSE,0,B08_6724
B07,6724,FALSE,0,B07_6724
B06,6724,FALSE,0,B06_6724
B03,6724,FALSE,0,B03_6724
B01,6724,FALSE,0,B01_6724
C11,6724,FALSE,0,C11_6724
C10,6724,FALSE,0,C10_6724
C09,6724,FALSE,0,C09_6724
C08,6724,FALSE,0,C08_6724
C07,6724,FALSE,0,C07_6724
C06,6724,FALSE,0,C06_6724
C01,6724,FALSE,0,C01_6724
D11,6724,FALSE,0,D11_6724
D10,6724,FALSE,0,D10_6724
D09,6724,FALSE,0,D09_6724
D08,6724,FALSE,0,D08_6724
D07,6724,FALSE,0,D07_6724
D06,6724,FALSE,0,D06_6724
D05,6724,FALSE,0,D05_6724
E12,6724,FALSE,0,E12_6724
E11,6724,FALSE,0,E11_6724
E10,6724,FALSE,0,E10_6724
E07,6724,FALSE,0,E07_6724
E06,6724,FALSE,0,E06_6724
E05,6724,FALSE,0,E05_6724
E04,6724,FALSE,0,E04_6724
E03,6724,FALSE,0,E03_6724
E02,6724,FALSE,0,E02_6724
E01,6724,FALSE,0,E01_6724
F12,6724,FALSE,0,F12_6724
F11,6724,FALSE,0,F11_6724
F10,6724,FALSE,0,F10_6724
F09,6724,FALSE,0,F09_6724
F08,6724,FALSE,0,F08_6724
F07,6724,FALSE,0,F07_6724
F06,6724,FALSE,0,F06_6724
F05,6724,FALSE,0,F05_6724
F03,6724,FALSE,0,F03_6724
F02,6724,FALSE,0,F02_6724
G12,6724,FALSE,0,G12_6724
G11,6724,FALSE,0,G11_6724
G10,6724,FALSE,0,G10_6724
G09,6724,FALSE,0,G09_6724
G08,6724,FALSE,0,G08_6724
G06,6724,FALSE,0,G06_6724
G05,6724,FALSE,0,G05_6724
G03,6724,FALSE,0,G03_6724
G02,6724,FALSE,0,G02_6724
G01,6724,FALSE,0,G01_6724
H12,6724,FALSE,,H12_6724
H11,6724,FALSE,0,H11_6724
H10,6724,FALSE,0,H10_6724
H08,6724,FALSE,0,H08_6724
H07,6724,FALSE,0,H07_6724
H04,6724,FALSE,0,H04_6724
H03,6724,FALSE,0,H03_6724
H02,6724,FALSE,0,H02_6724
H01,6724,FALSE,0,H01_6724
A12,6725,FALSE,0,A12_6725
A11,6725,FALSE,0,A11_6725
A10,6725,FALSE,0,A10_6725
A09,6725,FALSE,0,A09_6725
A07,6725,FALSE,0,A07_6725
A06,6725,FALSE,0,A06_6725
A05,6725,FALSE,0,A05_6725
A04,6725,FALSE,0,A04_6725
A03,6725,FALSE,0,A03_6725
A02,6725,FALSE,0,A02_6725
A01,6725,FALSE,0,A01_6725
B12,6725,FALSE,0,B12_6725
B11,6725,FALSE,0,B11_6725
B10,6725,FALSE,0,B10_6725
B09,6725,FALSE,0,B09_6725
B08,6725,FALSE,0,B08_6725
B07,6725,FALSE,0,B07_6725
B06,6725,FALSE,0,B06_6725
B05,6725,FALSE,0,B05_6725
B04,6725,FALSE,0,B04_6725
B03,6725,FALSE,0,B03_6725
B02,6725,FALSE,0,B02_6725
B01,6725,FALSE,0,B01_6725
C12,6725,FALSE,0,C12_6725
C11,6725,FALSE,0,C11_6725
C10,6725,FALSE,0,C10_6725
C09,6725,FALSE,0,C09_6725
C08,6725,FALSE,0,C08_6725
C07,6725,FALSE,0,C07_6725
C06,6725,FALSE,0,C06_6725
C05,6725,FALSE,0,C05_6725
C04,6725,FALSE,0,C04_6725
C03,6725,FALSE,0,C03_6725
C02,6725,FALSE,0,C02_6725
C01,6725,FALSE,0,C01_6725
D12,6725,FALSE,0,D12_6725
D11,6725,FALSE,0,D11_6725
D10,6725,FALSE,0,D10_6725
D09,6725,FALSE,0,D09_6725
D08,6725,FALSE,0,D08_6725
D07,6725,FALSE,0,D07_6725
D06,6725,FALSE,0,D06_6725
D05,6725,FALSE,0,D05_6725
D04,6725,FALSE,0,D04_6725
D03,6725,FALSE,0,D03_6725
D02,6725,FALSE,0,D02_6725
D01,6725,FALSE,0,D01_6725
E12,6725,FALSE,0,E12_6725
E11,6725,FALSE,0,E11_6725
E10,6725,FALSE,0,E10_6725
E09,6725,FALSE,0,E09_6725
E08,6725,FALSE,0,E08_6725
E07,6725,FALSE,0,E07_6725
E06,6725,FALSE,0,E06_6725
E05,6725,FALSE,0,E05_6725
E04,6725,FALSE,0,E04_6725
E03,6725,FALSE,0,E03_6725
E02,6725,FALSE,0,E02_6725
E01,6725,FALSE,0,E01_6725
F12,6725,FALSE,0,F12_6725
F11,6725,FALSE,0,F11_6725
F10,6725,FALSE,0,F10_6725
F09,6725,FALSE,0,F09_6725
F07,6725,FALSE,0,F07_6725
F06,6725,FALSE,0,F06_6725
F05,6725,FALSE,0,F05_6725
F04,6725,FALSE,0,F04_6725
F03,6725,FALSE,0,F03_6725
F02,6725,FALSE,0,F02_6725
F01,6725,FALSE,0,F01_6725
G12,6725,FALSE,0,G12_6725
G11,6725,FALSE,0,G11_6725
G10,6725,FALSE,0,G10_6725
G09,6725,FALSE,0,G09_6725
G08,6725,FALSE,0,G08_6725
G07,6725,FALSE,0,G07_6725
G06,6725,FALSE,0,G06_6725
G05,6725,FALSE,0,G05_6725
G04,6725,FALSE,0,G04_6725
G03,6725,FALSE,0,G03_6725
G02,6725,FALSE,0,G02_6725
G01,6725,FALSE,0,G01_6725
H12,6725,FALSE,0,H12_6725
H11,6725,FALSE,0,H11_6725
H10,6725,FALSE,0,H10_6725
H09,6725,FALSE,0,H09_6725
H08,6725,FALSE,0,H08_6725
H07,6725,FALSE,0,H07_6725
H06,6725,FALSE,0,H06_6725
H05,6725,FALSE,0,H05_6725
H04,6725,FALSE,0,H04_6725
H03,6725,FALSE,0,H03_6725
H02,6725,FALSE,0,H02_6725
H01,6725,FALSE,0,H01_6725
A12,6731,FALSE,0,A12_6731
A11,6731,FALSE,0,A11_6731
A10,6731,FALSE,0,A10_6731
A09,6731,FALSE,0,A09_6731
A08,6731,FALSE,0,A08_6731
A07,6731,FALSE,0,A07_6731
A06,6731,FALSE,0,A06_6731
A05,6731,FALSE,0,A05_6731
A04,6731,FALSE,0,A04_6731
A02,6731,FALSE,0,A02_6731
A01,6731,FALSE,0,A01_6731
B12,6731,FALSE,0,B12_6731
B11,6731,FALSE,0,B11_6731
B10,6731,FALSE,0,B10_6731
B09,6731,FALSE,0,B09_6731
B08,6731,FALSE,0,B08_6731
B07,6731,FALSE,0,B07_6731
B06,6731,FALSE,0,B06_6731
B05,6731,FALSE,0,B05_6731
B04,6731,FALSE,0,B04_6731
B03,6731,FALSE,0,B03_6731
B02,6731,FALSE,0,B02_6731
B01,6731,FALSE,0,B01_6731
C12,6731,FALSE,0,C12_6731
C11,6731,FALSE,0,C11_6731
C10,6731,FALSE,0,C10_6731
C09,6731,FALSE,0,C09_6731
C08,6731,FALSE,0,C08_6731
C07,6731,FALSE,0,C07_6731
C06,6731,FALSE,0,C06_6731
C05,6731,FALSE,0,C05_6731
C04,6731,FALSE,0,C04_6731
C03,6731,FALSE,0,C03_6731
C02,6731,FALSE,0,C02_6731
C01,6731,FALSE,0,C01_6731
D12,6731,FALSE,0,D12_6731
D11,6731,FALSE,0,D11_6731
D10,6731,FALSE,0,D10_6731
D09,6731,FALSE,0,D09_6731
D08,6731,FALSE,0,D08_6731
D07,6731,FALSE,0,D07_6731
D06,6731,FALSE,0,D06_6731
D05,6731,FALSE,0,D05_6731
D04,6731,FALSE,0,D04_6731
D03,6731,FALSE,0,D03_6731
D02,6731,FALSE,0,D02_6731
D01,6731,FALSE,0,D01_6731
E12,6731,FALSE,0,E12_6731
E11,6731,FALSE,0,E11_6731
E10,6731,FALSE,0,E10_6731
E09,6731,FALSE,0,E09_6731
E08,6731,FALSE,0,E08_6731
E07,6731,FALSE,0,E07_6731
E06,6731,FALSE,0,E06_6731
E05,6731,FALSE,0,E05_6731
E04,6731,FALSE,0,E04_6731
E03,6731,FALSE,0,E03_6731
E02,6731,FALSE,0,E02_6731
E01,6731,FALSE,0,E01_6731
F12,6731,FALSE,0,F12_6731
F11,6731,FALSE,0,F11_6731
F10,6731,FALSE,0,F10_6731
F09,6731,FALSE,0,F09_6731
F08,6731,FALSE,0,F08_6731
F07,6731,FALSE,0,F07_6731
F06,6731,FALSE,0,F06_6731
F05,6731,FALSE,0,F05_6731
F04,6731,FALSE,0,F04_6731
F03,6731,FALSE,0,F03_6731
F02,6731,FALSE,0,F02_6731
F01,6731,FALSE,0,F01_6731
G12,6731,FALSE,0,G12_6731
G11,6731,FALSE,0,G11_6731
G10,6731,FALSE,0,G10_6731
G09,6731,FALSE,0,G09_6731
G08,6731,FALSE,0,G08_6731
G07,6731,FALSE,0,G07_6731
G06,6731,FALSE,0,G06_6731
G05,6731,FALSE,0,G05_6731
G04,6731,FALSE,0,G04_6731
G03,6731,FALSE,0,G03_6731
G02,6731,FALSE,0,G02_6731
G01,6731,FALSE,0,G01_6731
H12,6731,FALSE,0,H12_6731
H11,6731,FALSE,0,H11_6731
H10,6731,FALSE,0,H10_6731
H09,6731,FALSE,0,H09_6731
H08,6731,FALSE,0,H08_6731
H07,6731,FALSE,0,H07_6731
H06,6731,FALSE,0,H06_6731
H05,6731,FALSE,0,H05_6731
H03,6731,FALSE,0,H03_6731
H02,6731,FALSE,0,H02_6731
H01,6731,FALSE,0,H01_6731
A12,6734,FALSE,0,A12_6734
A11,6734,FALSE,0,A11_6734
A10,6734,FALSE,0,A10_6734
A09,6734,FALSE,0,A09_6734
A08,6734,FALSE,0,A08_6734
A07,6734,FALSE,0,A07_6734
A06,6734,FALSE,0,A06_6734
A05,6734,FALSE,0,A05_6734
A04,6734,FALSE,0,A04_6734
A03,6734,FALSE,0,A03_6734
A02,6734,FALSE,0,A02_6734
A01,6734,FALSE,0,A01_6734
B12,6734,FALSE,0,B12_6734
B11,6734,FALSE,0,B11_6734
B10,6734,FALSE,0,B10_6734
B09,6734,FALSE,0,B09_6734
B08,6734,FALSE,0,B08_6734
B07,6734,FALSE,0,B07_6734
B06,6734,FALSE,0,B06_6734
B05,6734,FALSE,0,B05_6734
B04,6734,FALSE,0,B04_6734
B03,6734,FALSE,0,B03_6734
B02,6734,FALSE,0,B02_6734
B01,6734,FALSE,0,B01_6734
C12,6734,FALSE,0,C12_6734
C11,6734,FALSE,0,C11_6734
C10,6734,FALSE,0,C10_6734
C09,6734,FALSE,0,C09_6734
C08,6734,FALSE,0,C08_6734
C07,6734,FALSE,0,C07_6734
C06,6734,FALSE,0,C06_6734
C05,6734,FALSE,0,C05_6734
C04,6734,FALSE,0,C04_6734
C03,6734,FALSE,0,C03_6734
C02,6734,FALSE,0,C02_6734
C01,6734,FALSE,0,C01_6734
D12,6734,FALSE,0,D12_6734
D11,6734,FALSE,0,D11_6734
D10,6734,FALSE,0,D10_6734
D09,6734,FALSE,0,D09_6734
D08,6734,FALSE,0,D08_6734
D07,6734,FALSE,0,D07_6734
D06,6734,FALSE,0,D06_6734
D05,6734,FALSE,0,D05_6734
D04,6734,FALSE,0,D04_6734
D03,6734,FALSE,0,D03_6734
D02,6734,FALSE,0,D02_6734
D01,6734,FALSE,0,D01_6734
E12,6734,FALSE,0,E12_6734
E11,6734,FALSE,0,E11_6734
E10,6734,FALSE,0,E10_6734
E09,6734,FALSE,0,E09_6734
E08,6734,FALSE,0,E08_6734
E07,6734,FALSE,0,E07_6734
E06,6734,FALSE,0,E06_6734
E05,6734,FALSE,0,E05_6734
E03,6734,FALSE,0,E03_6734
E02,6734,FALSE,0,E02_6734
E01,6734,FALSE,0,E01_6734
F12,6734,FALSE,0,F12_6734
F11,6734,FALSE,0,F11_6734
F10,6734,FALSE,0,F10_6734
F09,6734,FALSE,0,F09_6734
F08,6734,FALSE,0,F08_6734
F07,6734,FALSE,0,F07_6734
F06,6734,FALSE,0,F06_6734
F04,6734,FALSE,0,F04_6734
F03,6734,FALSE,0,F03_6734
F02,6734,FALSE,0,F02_6734
F01,6734,FALSE,0,F01_6734
G12,6734,FALSE,0,G12_6734
G11,6734,FALSE,0,G11_6734
G10,6734,FALSE,0,G10_6734
G09,6734,FALSE,0,G09_6734
G08,6734,FALSE,0,G08_6734
G07,6734,FALSE,0,G07_6734
G06,6734,FALSE,0,G06_6734
G05,6734,FALSE,0,G05_6734
G04,6734,FALSE,0,G04_6734
G03,6734,FALSE,0,G03_6734
G02,6734,FALSE,0,G02_6734
G01,6734,FALSE,0,G01_6734
H12,6734,FALSE,0,H12_6734
H11,6734,FALSE,0,H11_6734
H10,6734,FALSE,0,H10_6734
H09,6734,FALSE,0,H09_6734
H08,6734,FALSE,0,H08_6734
H07,6734,FALSE,0,H07_6734
H06,6734,FALSE,0,H06_6734
H05,6734,FALSE,0,H05_6734
H03,6734,FALSE,0,H03_6734
H02,6734,FALSE,0,H02_6734
H01,6734,FALSE,0,H01_6734
A12,6735,FALSE,0,A12_6735
A11,6735,FALSE,0,A11_6735
A10,6735,FALSE,0,A10_6735
A09,6735,FALSE,0,A09_6735
A08,6735,FALSE,0,A08_6735
A07,6735,FALSE,0,A07_6735
A06,6735,FALSE,0,A06_6735
A05,6735,FALSE,0,A05_6735
A04,6735,FALSE,0,A04_6735
A03,6735,FALSE,0,A03_6735
A02,6735,FALSE,0,A02_6735
A01,6735,FALSE,0,A01_6735
B12,6735,FALSE,0,B12_6735
B11,6735,FALSE,0,B11_6735
B10,6735,FALSE,0,B10_6735
B09,6735,FALSE,0,B09_6735
B08,6735,FALSE,0,B08_6735
B07,6735,FALSE,0,B07_6735
B06,6735,FALSE,0,B06_6735
B05,6735,FALSE,0,B05_6735
B04,6735,FALSE,0,B04_6735
B03,6735,FALSE,0,B03_6735
B02,6735,FALSE,0,B02_6735
C12,6735,FALSE,0,C12_6735
C11,6735,FALSE,0,C11_6735
C10,6735,FALSE,0,C10_6735
C09,6735,FALSE,0,C09_6735
C08,6735,FALSE,0,C08_6735
C07,6735,FALSE,0,C07_6735
C06,6735,FALSE,0,C06_6735
C05,6735,FALSE,0,C05_6735
C04,6735,FALSE,0,C04_6735
C03,6735,FALSE,0,C03_6735
C02,6735,FALSE,0,C02_6735
C01,6735,FALSE,0,C01_6735
D12,6735,FALSE,0,D12_6735
D11,6735,FALSE,0,D11_6735
D10,6735,FALSE,0,D10_6735
D09,6735,FALSE,0,D09_6735
D08,6735,FALSE,0,D08_6735
D07,6735,FALSE,0,D07_6735
D06,6735,FALSE,0,D06_6735
D05,6735,FALSE,0,D05_6735
D04,6735,FALSE,0,D04_6735
D03,6735,FALSE,0,D03_6735
D02,6735,FALSE,0,D02_6735
D01,6735,FALSE,0,D01_6735
E12,6735,FALSE,0,E12_6735
E11,6735,FALSE,0,E11_6735
E10,6735,FALSE,0,E10_6735
E09,6735,FALSE,0,E09_6735
E08,6735,FALSE,0,E08_6735
E07,6735,FALSE,0,E07_6735
E06,6735,FALSE,0,E06_6735
E05,6735,FALSE,0,E05_6735
E04,6735,FALSE,0,E04_6735
E03,6735,FALSE,0,E03_6735
E02,6735,FALSE,0,E02_6735
E01,6735,FALSE,0,E01_6735
F12,6735,FALSE,0,F12_6735
F11,6735,FALSE,0,F11_6735
F10,6735,FALSE,0,F10_6735
F09,6735,FALSE,0,F09_6735
F08,6735,FALSE,0,F08_6735
F07,6735,FALSE,0,F07_6735
F06,6735,FALSE,0,F06_6735
F05,6735,FALSE,0,F05_6735
F04,6735,FALSE,0,F04_6735
F03,6735,FALSE,0,F03_6735
F02,6735,FALSE,0,F02_6735
F01,6735,FALSE,0,F01_6735
G12,6735,FALSE,0,G12_6735
G11,6735,FALSE,0,G11_6735
G10,6735,FALSE,0,G10_6735
G09,6735,FALSE,0,G09_6735
G08,6735,FALSE,0,G08_6735
G07,6735,FALSE,0,G07_6735
G06,6735,FALSE,0,G06_6735
G05,6735,FALSE,0,G05_6735
G04,6735,FALSE,0,G04_6735
G03,6735,FALSE,0,G03_6735
G02,6735,FALSE,0,G02_6735
G01,6735,FALSE,0,G01_6735
H12,6735,FALSE,0,H12_6735
H11,6735,FALSE,0,H11_6735
H10,6735,FALSE,0,H10_6735
H09,6735,FALSE,0,H09_6735
H08,6735,FALSE,0,H08_6735
H07,6735,FALSE,0,H07_6735
H06,6735,FALSE,0,H06_6735
H05,6735,FALSE,0,H05_6735
H04,6735,FALSE,0,H04_6735
H03,6735,FALSE,0,H03_6735
H02,6735,FALSE,0,H02_6735
H01,6735,FALSE,0,H01_6735
A10,6736,FALSE,0,A10_6736
A09,6736,FALSE,0,A09_6736
A08,6736,FALSE,0,A08_6736
A07,6736,FALSE,0,A07_6736
A06,6736,FALSE,0,A06_6736
A04,6736,FALSE,0,A04_6736
A03,6736,FALSE,0,A03_6736
B12,6736,FALSE,0,B12_6736
B11,6736,FALSE,0,B11_6736
B10,6736,FALSE,0,B10_6736
B09,6736,FALSE,0,B09_6736
B07,6736,FALSE,0,B07_6736
B04,6736,FALSE,0,B04_6736
B02,6736,FALSE,0,B02_6736
C12,6736,FALSE,0,C12_6736
C10,6736,FALSE,0,C10_6736
C08,6736,FALSE,0,C08_6736
C05,6736,FALSE,0,C05_6736
C03,6736,FALSE,0,C03_6736
C02,6736,FALSE,0,C02_6736
C01,6736,FALSE,0,C01_6736
D12,6736,FALSE,0,D12_6736
D09,6736,FALSE,0,D09_6736
D07,6736,FALSE,0,D07_6736
D04,6736,FALSE,0,D04_6736
D02,6736,FALSE,0,D02_6736
D01,6736,FALSE,0,D01_6736
E12,6736,FALSE,0,E12_6736
E11,6736,FALSE,0,E11_6736
E09,6736,FALSE,0,E09_6736
E08,6736,FALSE,0,E08_6736
E07,6736,FALSE,0,E07_6736
E06,6736,FALSE,0,E06_6736
E05,6736,FALSE,0,E05_6736
E02,6736,FALSE,0,E02_6736
E01,6736,FALSE,0,E01_6736
F12,6736,FALSE,0,F12_6736
F08,6736,FALSE,0,F08_6736
F07,6736,FALSE,0,F07_6736
F06,6736,FALSE,0,F06_6736
F05,6736,FALSE,0,F05_6736
F02,6736,FALSE,0,F02_6736
F01,6736,FALSE,0,F01_6736
G12,6736,FALSE,0,G12_6736
G11,6736,FALSE,0,G11_6736
G08,6736,FALSE,0,G08_6736
G07,6736,FALSE,0,G07_6736
G06,6736,FALSE,0,G06_6736
G04,6736,FALSE,0,G04_6736
G02,6736,FALSE,0,G02_6736
H12,6736,FALSE,,H12_6736
H11,6736,FALSE,0,H11_6736
H10,6736,FALSE,0,H10_6736
H09,6736,FALSE,0,H09_6736
H08,6736,FALSE,0,H08_6736
H07,6736,FALSE,0,H07_6736
H06,6736,FALSE,0,H06_6736
H05,6736,FALSE,0,H05_6736
H04,6736,FALSE,0,H04_6736
H03,6736,FALSE,0,H03_6736
H02,6736,FALSE,0,H02_6736
H01,6736,FALSE,0,H01_6736
A12,6745,FALSE,0,A12_6745
A11,6745,FALSE,0,A11_6745
A10,6745,FALSE,0,A10_6745
A09,6745,FALSE,0,A09_6745
A07,6745,FALSE,0,A07_6745
A06,6745,FALSE,0,A06_6745
A05,6745,FALSE,0,A05_6745
A04,6745,FALSE,0,A04_6745
A03,6745,FALSE,0,A03_6745
A02,6745,FALSE,0,A02_6745
A01,6745,FALSE,0,A01_6745
B12,6745,FALSE,0,B12_6745
B11,6745,FALSE,0,B11_6745
B10,6745,FALSE,0,B10_6745
B09,6745,FALSE,0,B09_6745
B08,6745,FALSE,0,B08_6745
B07,6745,FALSE,0,B07_6745
B06,6745,FALSE,0,B06_6745
B05,6745,FALSE,0,B05_6745
B04,6745,FALSE,0,B04_6745
B03,6745,FALSE,0,B03_6745
B02,6745,FALSE,0,B02_6745
B01,6745,FALSE,0,B01_6745
C12,6745,FALSE,0,C12_6745
C11,6745,FALSE,0,C11_6745
C10,6745,FALSE,0,C10_6745
C09,6745,FALSE,0,C09_6745
C08,6745,FALSE,0,C08_6745
C07,6745,FALSE,0,C07_6745
C06,6745,FALSE,0,C06_6745
C05,6745,FALSE,0,C05_6745
C04,6745,FALSE,0,C04_6745
C03,6745,FALSE,0,C03_6745
C02,6745,FALSE,0,C02_6745
C01,6745,FALSE,0,C01_6745
D12,6745,FALSE,0,D12_6745
D11,6745,FALSE,0,D11_6745
D10,6745,FALSE,0,D10_6745
D09,6745,FALSE,0,D09_6745
D08,6745,FALSE,0,D08_6745
D07,6745,FALSE,0,D07_6745
D06,6745,FALSE,0,D06_6745
D05,6745,FALSE,0,D05_6745
D03,6745,FALSE,0,D03_6745
D02,6745,FALSE,0,D02_6745
D01,6745,FALSE,0,D01_6745
E12,6745,FALSE,0,E12_6745
E11,6745,FALSE,0,E11_6745
E10,6745,FALSE,0,E10_6745
E09,6745,FALSE,0,E09_6745
E08,6745,FALSE,0,E08_6745
E07,6745,FALSE,0,E07_6745
E06,6745,FALSE,0,E06_6745
E05,6745,FALSE,0,E05_6745
E04,6745,FALSE,0,E04_6745
E03,6745,FALSE,0,E03_6745
E02,6745,FALSE,0,E02_6745
E01,6745,FALSE,0,E01_6745
F12,6745,FALSE,0,F12_6745
F11,6745,FALSE,0,F11_6745
F10,6745,FALSE,0,F10_6745
F09,6745,FALSE,0,F09_6745
F08,6745,FALSE,0,F08_6745
F07,6745,FALSE,0,F07_6745
F06,6745,FALSE,0,F06_6745
F05,6745,FALSE,0,F05_6745
F04,6745,FALSE,0,F04_6745
F03,6745,FALSE,0,F03_6745
F02,6745,FALSE,0,F02_6745
F01,6745,FALSE,0,F01_6745
G12,6745,FALSE,0,G12_6745
G11,6745,FALSE,0,G11_6745
G10,6745,FALSE,0,G10_6745
G09,6745,FALSE,0,G09_6745
G07,6745,FALSE,0,G07_6745
G06,6745,FALSE,0,G06_6745
G05,6745,FALSE,0,G05_6745
G04,6745,FALSE,0,G04_6745
G03,6745,FALSE,0,G03_6745
G02,6745,FALSE,0,G02_6745
G01,6745,FALSE,0,G01_6745
H12,6745,FALSE,0,H12_6745
H11,6745,FALSE,0,H11_6745
H10,6745,FALSE,0,H10_6745
H09,6745,FALSE,0,H09_6745
H08,6745,FALSE,0,H08_6745
H07,6745,FALSE,0,H07_6745
H06,6745,FALSE,0,H06_6745
H05,6745,FALSE,0,H05_6745
H04,6745,FALSE,0,H04_6745
H03,6745,FALSE,0,H03_6745
H02,6745,FALSE,0,H02_6745
H01,6745,FALSE,0,H01_6745
